"Zaposlene osebe po višini neto plaèe po: STATISTIÈNA REGIJA, RAZRED"
"NETO, LETO , SPOL"

" ";" ";" ";"Spol - SKUPAJ";"Moški";"Ženske"
"SLOVENIJA"
" ";"Razred neto - SKUPAJ"
" ";" ";"2009";596574;331231;265343
" ";" ";"2010";570099;313340;256759
" ";" ";"2011";551574;297144;254430
" ";" ";"2012";537938;289691;248247
" ";" ";"2013";532682;285087;247595
" ";" ";"2014";540094;292276;247818
" ";" ";"2015";534514;290046;244468
" ";" ";"2016";541427;291873;249554
" ";" ";"2017 (zaèasni podatki)";562154;304195;257959
" ";"01"
" ";" ";"2009";29563;17457;12106
" ";" ";"2010";28240;14772;13468
" ";" ";"2011";26382;12668;13714
" ";" ";"2012";26585;12870;13715
" ";" ";"2013";26188;12285;13903
" ";" ";"2014";26382;12496;13886
" ";" ";"2015";27360;12786;14574
" ";" ";"2016";26557;12641;13916
" ";" ";"2017 (zaèasni podatki)";27950;13636;14314
" ";"02"
" ";" ";"2009";29687;14822;14865
" ";" ";"2010";27947;14101;13846
" ";" ";"2011";28644;13145;15499
" ";" ";"2012";25761;11440;14321
" ";" ";"2013";26793;11334;15459
" ";" ";"2014";24965;10667;14298
" ";" ";"2015";26234;11490;14744
" ";" ";"2016";26497;11477;15020
" ";" ";"2017 (zaèasni podatki)";28221;12687;15534
" ";"03"
" ";" ";"2009";29997;13707;16290
" ";" ";"2010";28694;13656;15038
" ";" ";"2011";27353;13386;13967
" ";" ";"2012";28182;13414;14768
" ";" ";"2013";26581;13196;13385
" ";" ";"2014";29505;14485;15020
" ";" ";"2015";26935;13218;13717
" ";" ";"2016";28084;13268;14816
" ";" ";"2017 (zaèasni podatki)";27677;12930;14747
" ";"04"
" ";" ";"2009";30012;14010;16002
" ";" ";"2010";28538;13906;14632
" ";" ";"2011";27700;13394;14306
" ";" ";"2012";26679;12973;13706
" ";" ";"2013";26182;12240;13942
" ";" ";"2014";26708;12602;14106
" ";" ";"2015";27071;12749;14322
" ";" ";"2016";26903;12502;14401
" ";" ";"2017 (zaèasni podatki)";27960;12814;15146
" ";"05"
" ";" ";"2009";29430;15477;13953
" ";" ";"2010";28405;14561;13844
" ";" ";"2011";27207;13818;13389
" ";" ";"2012";26729;13033;13696
" ";" ";"2013";27101;13327;13774
" ";" ";"2014";27328;13724;13604
" ";" ";"2015";26598;13376;13222
" ";" ";"2016";26716;13350;13366
" ";" ";"2017 (zaèasni podatki)";28342;13942;14400
" ";"06"
" ";" ";"2009";29677;16959;12718
" ";" ";"2010";29140;15881;13259
" ";" ";"2011";27599;14477;13122
" ";" ";"2012";26874;14285;12589
" ";" ";"2013";26741;14395;12346
" ";" ";"2014";27120;14799;12321
" ";" ";"2015";26413;14345;12068
" ";" ";"2016";27248;14746;12502
" ";" ";"2017 (zaèasni podatki)";28493;15204;13289
" ";"07"
" ";" ";"2009";29879;17813;12066
" ";" ";"2010";28424;16552;11872
" ";" ";"2011";27682;15982;11700
" ";" ";"2012";27453;15861;11592
" ";" ";"2013";26739;15214;11525
" ";" ";"2014";26786;15537;11249
" ";" ";"2015";26564;15265;11299
" ";" ";"2016";27200;15749;11451
" ";" ";"2017 (zaèasni podatki)";27585;15959;11626
" ";"08"
" ";" ";"2009";30186;18772;11414
" ";" ";"2010";28503;17479;11024
" ";" ";"2011";28051;16848;11203
" ";" ";"2012";26860;16194;10666
" ";" ";"2013";26342;15840;10502
" ";" ";"2014";26908;16166;10742
" ";" ";"2015";27103;16467;10636
" ";" ";"2016";27110;16324;10786
" ";" ";"2017 (zaèasni podatki)";28234;16985;11249
" ";"09"
" ";" ";"2009";29995;19089;10906
" ";" ";"2010";28122;17520;10602
" ";" ";"2011";27389;16843;10546
" ";" ";"2012";26631;16307;10324
" ";" ";"2013";26804;16341;10463
" ";" ";"2014";27199;16495;10704
" ";" ";"2015";26334;15760;10574
" ";" ";"2016";27055;16286;10769
" ";" ";"2017 (zaèasni podatki)";28064;16942;11122
" ";"10"
" ";" ";"2009";29405;18634;10771
" ";" ";"2010";28929;17758;11171
" ";" ";"2011";27754;16721;11033
" ";" ";"2012";26954;16192;10762
" ";" ";"2013";26631;15808;10823
" ";" ";"2014";27006;16112;10894
" ";" ";"2015";26721;15851;10870
" ";" ";"2016";27017;15995;11022
" ";" ";"2017 (zaèasni podatki)";28199;16513;11686
" ";"11"
" ";" ";"2009";30121;18319;11802
" ";" ";"2010";28248;16714;11534
" ";" ";"2011";27166;15842;11324
" ";" ";"2012";26956;15901;11055
" ";" ";"2013";26590;15287;11303
" ";" ";"2014";26644;15421;11223
" ";" ";"2015";27078;15680;11398
" ";" ";"2016";27195;15821;11374
" ";" ";"2017 (zaèasni podatki)";28381;16642;11739
" ";"12"
" ";" ";"2009";29958;17276;12682
" ";" ";"2010";28652;16662;11990
" ";" ";"2011";27883;16059;11824
" ";" ";"2012";27034;15202;11832
" ";" ";"2013";26488;15118;11370
" ";" ";"2014";27020;15697;11323
" ";" ";"2015";26461;15457;11004
" ";" ";"2016";27162;15735;11427
" ";" ";"2017 (zaèasni podatki)";27742;16043;11699
" ";"13"
" ";" ";"2009";29686;16957;12729
" ";" ";"2010";28589;16500;12089
" ";" ";"2011";27357;15374;11983
" ";" ";"2012";26881;15238;11643
" ";" ";"2013";27062;15278;11784
" ";" ";"2014";27371;15699;11672
" ";" ";"2015";26651;15556;11095
" ";" ";"2016";27041;15642;11399
" ";" ";"2017 (zaèasni podatki)";28410;16707;11703
" ";"14"
" ";" ";"2009";29754;16697;13057
" ";" ";"2010";28589;16115;12474
" ";" ";"2011";27695;15470;12225
" ";" ";"2012";26822;15135;11687
" ";" ";"2013";26451;14836;11615
" ";" ";"2014";27068;15430;11638
" ";" ";"2015";26740;15312;11428
" ";" ";"2016";27210;15550;11660
" ";" ";"2017 (zaèasni podatki)";28099;16014;12085
" ";"15"
" ";" ";"2009";30028;16489;13539
" ";" ";"2010";28539;15977;12562
" ";" ";"2011";27577;15126;12451
" ";" ";"2012";26877;14854;12023
" ";" ";"2013";26596;14418;12178
" ";" ";"2014";26843;14942;11901
" ";" ";"2015";26839;15006;11833
" ";" ";"2016";26833;14625;12208
" ";" ";"2017 (zaèasni podatki)";28175;15488;12687
" ";"16"
" ";" ";"2009";29754;16195;13559
" ";" ";"2010";28497;15337;13160
" ";" ";"2011";27769;14508;13261
" ";" ";"2012";26835;13896;12939
" ";" ";"2013";26712;13525;13187
" ";" ";"2014";27175;14072;13103
" ";" ";"2015";26542;13656;12886
" ";" ";"2016";27296;13411;13885
" ";" ";"2017 (zaèasni podatki)";27956;13959;13997
" ";"17"
" ";" ";"2009";29839;14385;15454
" ";" ";"2010";28516;13467;15049
" ";" ";"2011";27560;12626;14934
" ";" ";"2012";26960;12439;14521
" ";" ";"2013";26748;12240;14508
" ";" ";"2014";27029;12506;14523
" ";" ";"2015";26695;12670;14025
" ";" ";"2016";27033;12458;14575
" ";" ";"2017 (zaèasni podatki)";28327;13379;14948
" ";"18"
" ";" ";"2009";29886;13468;16418
" ";" ";"2010";28473;13051;15422
" ";" ";"2011";27553;12572;14981
" ";" ";"2012";27061;12757;14304
" ";" ";"2013";26578;12933;13645
" ";" ";"2014";26977;13357;13620
" ";" ";"2015";26836;13413;13423
" ";" ";"2016";27124;13918;13206
" ";" ";"2017 (zaèasni podatki)";28106;14735;13371
" ";"19"
" ";" ";"2009";29830;15966;13864
" ";" ";"2010";28535;15509;13026
" ";" ";"2011";27666;15017;12649
" ";" ";"2012";26883;14871;12012
" ";" ";"2013";26709;14798;11911
" ";" ";"2014";27027;15100;11927
" ";" ";"2015";26643;15153;11490
" ";" ";"2016";27035;15327;11708
" ";" ";"2017 (zaèasni podatki)";28115;16166;11949
" ";"20"
" ";" ";"2009";29887;18739;11148
" ";" ";"2010";28519;17822;10697
" ";" ";"2011";27587;17268;10319
" ";" ";"2012";26921;16829;10092
" ";" ";"2013";26646;16674;9972
" ";" ";"2014";27033;16969;10064
" ";" ";"2015";26696;16836;9860
" ";" ";"2016";27111;17048;10063
" ";" ";"2017 (zaèasni podatki)";28118;17450;10668
"Pomurska"
" ";"Razred neto - SKUPAJ"
" ";" ";"2009";24559;14025;10534
" ";" ";"2010";24926;13597;11329
" ";" ";"2011";23484;12845;10639
" ";" ";"2012";23871;12846;11025
" ";" ";"2013";23553;12470;11083
" ";" ";"2014";22699;12484;10215
" ";" ";"2015";22390;12323;10067
" ";" ";"2016";23260;12593;10667
" ";" ";"2017 (zaèasni podatki)";23710;12778;10932
" ";"01"
" ";" ";"2009";923;524;399
" ";" ";"2010";1349;510;839
" ";" ";"2011";1220;485;735
" ";" ";"2012";1371;574;797
" ";" ";"2013";1564;553;1011
" ";" ";"2014";1111;500;611
" ";" ";"2015";1233;521;712
" ";" ";"2016";1307;480;827
" ";" ";"2017 (zaèasni podatki)";1325;461;864
" ";"02"
" ";" ";"2009";1536;664;872
" ";" ";"2010";1740;700;1040
" ";" ";"2011";1469;604;865
" ";" ";"2012";1535;556;979
" ";" ";"2013";1546;592;954
" ";" ";"2014";1206;470;736
" ";" ";"2015";1348;502;846
" ";" ";"2016";1495;503;992
" ";" ";"2017 (zaèasni podatki)";1504;538;966
" ";"03"
" ";" ";"2009";1702;783;919
" ";" ";"2010";1907;910;997
" ";" ";"2011";1701;798;903
" ";" ";"2012";1910;851;1059
" ";" ";"2013";1796;786;1010
" ";" ";"2014";1552;718;834
" ";" ";"2015";1405;670;735
" ";" ";"2016";1514;695;819
" ";" ";"2017 (zaèasni podatki)";1442;614;828
" ";"04"
" ";" ";"2009";1553;850;703
" ";" ";"2010";1677;934;743
" ";" ";"2011";1602;827;775
" ";" ";"2012";1595;822;773
" ";" ";"2013";1434;689;745
" ";" ";"2014";1506;745;761
" ";" ";"2015";1471;730;741
" ";" ";"2016";1528;725;803
" ";" ";"2017 (zaèasni podatki)";1562;728;834
" ";"05"
" ";" ";"2009";1334;850;484
" ";" ";"2010";1562;949;613
" ";" ";"2011";1533;905;628
" ";" ";"2012";1477;807;670
" ";" ";"2013";1625;920;705
" ";" ";"2014";1579;882;697
" ";" ";"2015";1488;813;675
" ";" ";"2016";1498;793;705
" ";" ";"2017 (zaèasni podatki)";1732;921;811
" ";"06"
" ";" ";"2009";1466;995;471
" ";" ";"2010";1546;1017;529
" ";" ";"2011";1421;915;506
" ";" ";"2012";1468;938;530
" ";" ";"2013";1497;954;543
" ";" ";"2014";1549;1012;537
" ";" ";"2015";1477;940;537
" ";" ";"2016";1544;984;560
" ";" ";"2017 (zaèasni podatki)";1635;1051;584
" ";"07"
" ";" ";"2009";1524;1077;447
" ";" ";"2010";1436;925;511
" ";" ";"2011";1396;945;451
" ";" ";"2012";1371;920;451
" ";" ";"2013";1370;938;432
" ";" ";"2014";1315;872;443
" ";" ";"2015";1381;916;465
" ";" ";"2016";1448;977;471
" ";" ";"2017 (zaèasni podatki)";1432;968;464
" ";"08"
" ";" ";"2009";1521;1053;468
" ";" ";"2010";1361;960;401
" ";" ";"2011";1276;893;383
" ";" ";"2012";1270;874;396
" ";" ";"2013";1324;920;404
" ";" ";"2014";1342;911;431
" ";" ";"2015";1293;882;411
" ";" ";"2016";1286;872;414
" ";" ";"2017 (zaèasni podatki)";1279;857;422
" ";"09"
" ";" ";"2009";1464;996;468
" ";" ";"2010";1282;841;441
" ";" ";"2011";1200;806;394
" ";" ";"2012";1243;817;426
" ";" ";"2013";1344;887;457
" ";" ";"2014";1248;793;455
" ";" ";"2015";1186;794;392
" ";" ";"2016";1229;806;423
" ";" ";"2017 (zaèasni podatki)";1173;776;397
" ";"10"
" ";" ";"2009";1334;888;446
" ";" ";"2010";1295;783;512
" ";" ";"2011";1232;761;471
" ";" ";"2012";1183;742;441
" ";" ";"2013";1202;734;468
" ";" ";"2014";1167;732;435
" ";" ";"2015";1190;755;435
" ";" ";"2016";1217;781;436
" ";" ";"2017 (zaèasni podatki)";1216;749;467
" ";"11"
" ";" ";"2009";1190;723;467
" ";" ";"2010";1147;683;464
" ";" ";"2011";1128;698;430
" ";" ";"2012";1120;679;441
" ";" ";"2013";1025;616;409
" ";" ";"2014";1090;648;442
" ";" ";"2015";1140;674;466
" ";" ";"2016";1065;636;429
" ";" ";"2017 (zaèasni podatki)";1077;657;420
" ";"12"
" ";" ";"2009";1136;675;461
" ";" ";"2010";1095;645;450
" ";" ";"2011";1037;599;438
" ";" ";"2012";1134;648;486
" ";" ";"2013";991;527;464
" ";" ";"2014";1008;559;449
" ";" ";"2015";979;574;405
" ";" ";"2016";1040;608;432
" ";" ";"2017 (zaèasni podatki)";1082;633;449
" ";"13"
" ";" ";"2009";1065;610;455
" ";" ";"2010";988;563;425
" ";" ";"2011";988;557;431
" ";" ";"2012";1015;568;447
" ";" ";"2013";958;527;431
" ";" ";"2014";967;566;401
" ";" ";"2015";942;565;377
" ";" ";"2016";1010;596;414
" ";" ";"2017 (zaèasni podatki)";995;594;401
" ";"14"
" ";" ";"2009";1080;551;529
" ";" ";"2010";1031;516;515
" ";" ";"2011";995;517;478
" ";" ";"2012";977;516;461
" ";" ";"2013";915;458;457
" ";" ";"2014";993;530;463
" ";" ";"2015";971;543;428
" ";" ";"2016";976;538;438
" ";" ";"2017 (zaèasni podatki)";1029;574;455
" ";"15"
" ";" ";"2009";1061;548;513
" ";" ";"2010";1025;551;474
" ";" ";"2011";976;504;472
" ";" ";"2012";976;519;457
" ";" ";"2013";903;455;448
" ";" ";"2014";937;514;423
" ";" ";"2015";921;504;417
" ";" ";"2016";926;521;405
" ";" ";"2017 (zaèasni podatki)";1000;546;454
" ";"16"
" ";" ";"2009";1055;551;504
" ";" ";"2010";1007;509;498
" ";" ";"2011";980;486;494
" ";" ";"2012";968;465;503
" ";" ";"2013";915;398;517
" ";" ";"2014";920;433;487
" ";" ";"2015";913;453;460
" ";" ";"2016";1010;465;545
" ";" ";"2017 (zaèasni podatki)";954;429;525
" ";"17"
" ";" ";"2009";987;446;541
" ";" ";"2010";974;408;566
" ";" ";"2011";932;398;534
" ";" ";"2012";894;382;512
" ";" ";"2013";863;347;516
" ";" ";"2014";894;380;514
" ";" ";"2015";885;363;522
" ";" ";"2016";970;414;556
" ";" ";"2017 (zaèasni podatki)";1004;437;567
" ";"18"
" ";" ";"2009";1042;381;661
" ";" ";"2010";1006;366;640
" ";" ";"2011";996;372;624
" ";" ";"2012";967;378;589
" ";" ";"2013";920;375;545
" ";" ";"2014";952;416;536
" ";" ";"2015";881;372;509
" ";" ";"2016";884;400;484
" ";" ";"2017 (zaèasni podatki)";921;414;507
" ";"19"
" ";" ";"2009";903;438;465
" ";" ";"2010";834;414;420
" ";" ";"2011";787;381;406
" ";" ";"2012";780;392;388
" ";" ";"2013";759;393;366
" ";" ";"2014";766;397;369
" ";" ";"2015";719;360;359
" ";" ";"2016";724;386;338
" ";" ";"2017 (zaèasni podatki)";746;415;331
" ";"20"
" ";" ";"2009";683;422;261
" ";" ";"2010";664;413;251
" ";" ";"2011";615;394;221
" ";" ";"2012";617;398;219
" ";" ";"2013";602;401;201
" ";" ";"2014";597;406;191
" ";" ";"2015";567;392;175
" ";" ";"2016";589;413;176
" ";" ";"2017 (zaèasni podatki)";602;416;186
"Podravska"
" ";"Razred neto - SKUPAJ"
" ";" ";"2009";85233;46633;38600
" ";" ";"2010";80202;43347;36855
" ";" ";"2011";76118;39370;36748
" ";" ";"2012";73493;38104;35389
" ";" ";"2013";71545;36665;34880
" ";" ";"2014";73274;38267;35007
" ";" ";"2015";71915;37722;34193
" ";" ";"2016";74410;38798;35612
" ";" ";"2017 (zaèasni podatki)";76171;39875;36296
" ";"01"
" ";" ";"2009";4686;2262;2424
" ";" ";"2010";4396;1859;2537
" ";" ";"2011";4321;1672;2649
" ";" ";"2012";4251;1893;2358
" ";" ";"2013";4036;1712;2324
" ";" ";"2014";4215;1753;2462
" ";" ";"2015";4142;1784;2358
" ";" ";"2016";4371;1845;2526
" ";" ";"2017 (zaèasni podatki)";4494;1878;2616
" ";"02"
" ";" ";"2009";4595;2017;2578
" ";" ";"2010";4417;2096;2321
" ";" ";"2011";4968;2021;2947
" ";" ";"2012";4347;1695;2652
" ";" ";"2013";4592;1740;2852
" ";" ";"2014";4498;1719;2779
" ";" ";"2015";4673;1837;2836
" ";" ";"2016";4857;1808;3049
" ";" ";"2017 (zaèasni podatki)";5027;1956;3071
" ";"03"
" ";" ";"2009";5099;2289;2810
" ";" ";"2010";4933;2327;2606
" ";" ";"2011";4885;2332;2553
" ";" ";"2012";4889;2219;2670
" ";" ";"2013";4523;2099;2424
" ";" ";"2014";5105;2259;2846
" ";" ";"2015";4650;2172;2478
" ";" ";"2016";4940;2117;2823
" ";" ";"2017 (zaèasni podatki)";4583;1935;2648
" ";"04"
" ";" ";"2009";4995;2323;2672
" ";" ";"2010";4763;2313;2450
" ";" ";"2011";4248;2023;2225
" ";" ";"2012";4201;2011;2190
" ";" ";"2013";4280;2028;2252
" ";" ";"2014";4176;2004;2172
" ";" ";"2015";4138;1950;2188
" ";" ";"2016";4299;1969;2330
" ";" ";"2017 (zaèasni podatki)";4163;1906;2257
" ";"05"
" ";" ";"2009";4500;2460;2040
" ";" ";"2010";4304;2399;1905
" ";" ";"2011";3876;2066;1810
" ";" ";"2012";3844;1938;1906
" ";" ";"2013";3932;1994;1938
" ";" ";"2014";3915;1997;1918
" ";" ";"2015";3759;1939;1820
" ";" ";"2016";3716;1981;1735
" ";" ";"2017 (zaèasni podatki)";4085;2140;1945
" ";"06"
" ";" ";"2009";4470;2621;1849
" ";" ";"2010";4340;2523;1817
" ";" ";"2011";3959;2167;1792
" ";" ";"2012";3856;2041;1815
" ";" ";"2013";3697;1964;1733
" ";" ";"2014";3650;2052;1598
" ";" ";"2015";3614;1991;1623
" ";" ";"2016";3866;2196;1670
" ";" ";"2017 (zaèasni podatki)";3999;2181;1818
" ";"07"
" ";" ";"2009";4604;2867;1737
" ";" ";"2010";4387;2684;1703
" ";" ";"2011";4107;2367;1740
" ";" ";"2012";3853;2179;1674
" ";" ";"2013";3673;2022;1651
" ";" ";"2014";3673;2101;1572
" ";" ";"2015";3676;2121;1555
" ";" ";"2016";3974;2324;1650
" ";" ";"2017 (zaèasni podatki)";3928;2333;1595
" ";"08"
" ";" ";"2009";4948;3221;1727
" ";" ";"2010";4394;2790;1604
" ";" ";"2011";3890;2309;1581
" ";" ";"2012";3825;2301;1524
" ";" ";"2013";3533;2114;1419
" ";" ";"2014";3794;2287;1507
" ";" ";"2015";3779;2321;1458
" ";" ";"2016";3967;2349;1618
" ";" ";"2017 (zaèasni podatki)";3988;2449;1539
" ";"09"
" ";" ";"2009";4724;3171;1553
" ";" ";"2010";4183;2634;1549
" ";" ";"2011";3824;2295;1529
" ";" ";"2012";3652;2221;1431
" ";" ";"2013";3600;2196;1404
" ";" ";"2014";3657;2230;1427
" ";" ";"2015";3641;2208;1433
" ";" ";"2016";3886;2363;1523
" ";" ";"2017 (zaèasni podatki)";3946;2452;1494
" ";"10"
" ";" ";"2009";4353;2888;1465
" ";" ";"2010";4012;2498;1514
" ";" ";"2011";3720;2248;1472
" ";" ";"2012";3619;2234;1385
" ";" ";"2013";3626;2161;1465
" ";" ";"2014";3728;2257;1471
" ";" ";"2015";3668;2170;1498
" ";" ";"2016";3679;2238;1441
" ";" ";"2017 (zaèasni podatki)";3890;2314;1576
" ";"11"
" ";" ";"2009";4239;2627;1612
" ";" ";"2010";3879;2290;1589
" ";" ";"2011";3730;2174;1556
" ";" ";"2012";3642;2145;1497
" ";" ";"2013";3548;2016;1532
" ";" ";"2014";3543;2112;1431
" ";" ";"2015";3595;2142;1453
" ";" ";"2016";3720;2233;1487
" ";" ";"2017 (zaèasni podatki)";3808;2297;1511
" ";"12"
" ";" ";"2009";4210;2421;1789
" ";" ";"2010";3941;2262;1679
" ";" ";"2011";3612;2044;1568
" ";" ";"2012";3579;1990;1589
" ";" ";"2013";3341;1930;1411
" ";" ";"2014";3582;2157;1425
" ";" ";"2015";3467;2044;1423
" ";" ";"2016";3562;2104;1458
" ";" ";"2017 (zaèasni podatki)";3511;2055;1456
" ";"13"
" ";" ";"2009";4011;2271;1740
" ";" ";"2010";3731;2133;1598
" ";" ";"2011";3460;1874;1586
" ";" ";"2012";3344;1881;1463
" ";" ";"2013";3369;1853;1516
" ";" ";"2014";3517;2011;1506
" ";" ";"2015";3415;1942;1473
" ";" ";"2016";3454;2032;1422
" ";" ";"2017 (zaèasni podatki)";3670;2136;1534
" ";"14"
" ";" ";"2009";3921;2185;1736
" ";" ";"2010";3712;2061;1651
" ";" ";"2011";3479;1868;1611
" ";" ";"2012";3424;1861;1563
" ";" ";"2013";3148;1673;1475
" ";" ";"2014";3325;1830;1495
" ";" ";"2015";3289;1787;1502
" ";" ";"2016";3396;1913;1483
" ";" ";"2017 (zaèasni podatki)";3510;1961;1549
" ";"15"
" ";" ";"2009";3840;2067;1773
" ";" ";"2010";3744;2018;1726
" ";" ";"2011";3563;1848;1715
" ";" ";"2012";3497;1834;1663
" ";" ";"2013";3310;1675;1635
" ";" ";"2014";3348;1744;1604
" ";" ";"2015";3329;1767;1562
" ";" ";"2016";3395;1715;1680
" ";" ";"2017 (zaèasni podatki)";3498;1789;1709
" ";"16"
" ";" ";"2009";4000;2015;1985
" ";" ";"2010";3866;1997;1869
" ";" ";"2011";3753;1899;1854
" ";" ";"2012";3454;1665;1789
" ";" ";"2013";3369;1590;1779
" ";" ";"2014";3535;1738;1797
" ";" ";"2015";3337;1620;1717
" ";" ";"2016";3426;1536;1890
" ";" ";"2017 (zaèasni podatki)";3581;1662;1919
" ";"17"
" ";" ";"2009";3933;1820;2113
" ";" ";"2010";3737;1632;2105
" ";" ";"2011";3612;1498;2114
" ";" ";"2012";3504;1442;2062
" ";" ";"2013";3449;1364;2085
" ";" ";"2014";3515;1432;2083
" ";" ";"2015";3421;1420;2001
" ";" ";"2016";3545;1466;2079
" ";" ";"2017 (zaèasni podatki)";3730;1583;2147
" ";"18"
" ";" ";"2009";3921;1558;2363
" ";" ";"2010";3601;1434;2167
" ";" ";"2011";3446;1362;2084
" ";" ";"2012";3203;1336;1867
" ";" ";"2013";3135;1370;1765
" ";" ";"2014";3128;1398;1730
" ";" ";"2015";3156;1423;1733
" ";" ";"2016";3198;1546;1652
" ";" ";"2017 (zaèasni podatki)";3220;1542;1678
" ";"19"
" ";" ";"2009";3166;1621;1545
" ";" ";"2010";3072;1636;1436
" ";" ";"2011";3014;1619;1395
" ";" ";"2012";2887;1559;1328
" ";" ";"2013";2792;1502;1290
" ";" ";"2014";2803;1507;1296
" ";" ";"2015";2689;1478;1211
" ";" ";"2016";2662;1454;1208
" ";" ";"2017 (zaèasni podatki)";2816;1587;1229
" ";"20"
" ";" ";"2009";3018;1929;1089
" ";" ";"2010";2790;1761;1029
" ";" ";"2011";2651;1684;967
" ";" ";"2012";2622;1659;963
" ";" ";"2013";2592;1662;930
" ";" ";"2014";2567;1679;888
" ";" ";"2015";2477;1606;871
" ";" ";"2016";2497;1609;888
" ";" ";"2017 (zaèasni podatki)";2724;1719;1005
"Koroška"
" ";"Razred neto - SKUPAJ"
" ";" ";"2009";18409;10150;8259
" ";" ";"2010";16621;9517;7104
" ";" ";"2011";16467;9314;7153
" ";" ";"2012";16493;9437;7056
" ";" ";"2013";16199;9073;7126
" ";" ";"2014";16175;9214;6961
" ";" ";"2015";15613;8768;6845
" ";" ";"2016";15680;8776;6904
" ";" ";"2017 (zaèasni podatki)";15844;8804;7040
" ";"01"
" ";" ";"2009";697;338;359
" ";" ";"2010";646;323;323
" ";" ";"2011";666;321;345
" ";" ";"2012";827;392;435
" ";" ";"2013";747;331;416
" ";" ";"2014";767;316;451
" ";" ";"2015";760;313;447
" ";" ";"2016";685;299;386
" ";" ";"2017 (zaèasni podatki)";737;316;421
" ";"02"
" ";" ";"2009";1064;340;724
" ";" ";"2010";741;283;458
" ";" ";"2011";833;331;502
" ";" ";"2012";700;281;419
" ";" ";"2013";804;312;492
" ";" ";"2014";693;277;416
" ";" ";"2015";656;280;376
" ";" ";"2016";643;231;412
" ";" ";"2017 (zaèasni podatki)";650;216;434
" ";"03"
" ";" ";"2009";1076;390;686
" ";" ";"2010";880;382;498
" ";" ";"2011";765;352;413
" ";" ";"2012";741;379;362
" ";" ";"2013";629;299;330
" ";" ";"2014";700;309;391
" ";" ";"2015";671;284;387
" ";" ";"2016";680;286;394
" ";" ";"2017 (zaèasni podatki)";670;269;401
" ";"04"
" ";" ";"2009";1106;495;611
" ";" ";"2010";861;425;436
" ";" ";"2011";800;396;404
" ";" ";"2012";845;392;453
" ";" ";"2013";768;317;451
" ";" ";"2014";773;356;417
" ";" ";"2015";706;299;407
" ";" ";"2016";664;271;393
" ";" ";"2017 (zaèasni podatki)";772;328;444
" ";"05"
" ";" ";"2009";1101;623;478
" ";" ";"2010";901;513;388
" ";" ";"2011";891;469;422
" ";" ";"2012";857;444;413
" ";" ";"2013";888;457;431
" ";" ";"2014";973;522;451
" ";" ";"2015";850;427;423
" ";" ";"2016";808;361;447
" ";" ";"2017 (zaèasni podatki)";782;368;414
" ";"06"
" ";" ";"2009";1160;685;475
" ";" ";"2010";1024;642;382
" ";" ";"2011";892;498;394
" ";" ";"2012";971;549;422
" ";" ";"2013";1029;570;459
" ";" ";"2014";965;532;433
" ";" ";"2015";906;505;401
" ";" ";"2016";907;484;423
" ";" ";"2017 (zaèasni podatki)";846;446;400
" ";"07"
" ";" ";"2009";1240;769;471
" ";" ";"2010";1070;692;378
" ";" ";"2011";943;575;368
" ";" ";"2012";990;614;376
" ";" ";"2013";975;567;408
" ";" ";"2014";984;604;380
" ";" ";"2015";889;500;389
" ";" ";"2016";939;552;387
" ";" ";"2017 (zaèasni podatki)";947;541;406
" ";"08"
" ";" ";"2009";1198;797;401
" ";" ";"2010";1096;721;375
" ";" ";"2011";1050;669;381
" ";" ";"2012";1011;645;366
" ";" ";"2013";991;645;346
" ";" ";"2014";970;611;359
" ";" ";"2015";960;600;360
" ";" ";"2016";953;591;362
" ";" ";"2017 (zaèasni podatki)";946;595;351
" ";"09"
" ";" ";"2009";1154;818;336
" ";" ";"2010";1098;758;340
" ";" ";"2011";1085;726;359
" ";" ";"2012";1113;778;335
" ";" ";"2013";973;649;324
" ";" ";"2014";986;682;304
" ";" ";"2015";1010;655;355
" ";" ";"2016";988;677;311
" ";" ";"2017 (zaèasni podatki)";985;633;352
" ";"10"
" ";" ";"2009";1029;711;318
" ";" ";"2010";1043;740;303
" ";" ";"2011";1024;690;334
" ";" ";"2012";988;663;325
" ";" ";"2013";1021;706;315
" ";" ";"2014";1065;743;322
" ";" ";"2015";916;616;300
" ";" ";"2016";1018;667;351
" ";" ";"2017 (zaèasni podatki)";943;613;330
" ";"11"
" ";" ";"2009";971;674;297
" ";" ";"2010";914;602;312
" ";" ";"2011";978;644;334
" ";" ";"2012";1031;693;338
" ";" ";"2013";1049;671;378
" ";" ";"2014";968;645;323
" ";" ";"2015";986;626;360
" ";" ";"2016";1001;665;336
" ";" ";"2017 (zaèasni podatki)";980;654;326
" ";"12"
" ";" ";"2009";991;631;360
" ";" ";"2010";946;605;341
" ";" ";"2011";944;609;335
" ";" ";"2012";939;607;332
" ";" ";"2013";961;638;323
" ";" ";"2014";975;641;334
" ";" ";"2015";934;631;303
" ";" ";"2016";924;596;328
" ";" ";"2017 (zaèasni podatki)";912;571;341
" ";"13"
" ";" ";"2009";828;499;329
" ";" ";"2010";854;523;331
" ";" ";"2011";878;550;328
" ";" ";"2012";849;550;299
" ";" ";"2013";888;555;333
" ";" ";"2014";912;616;296
" ";" ";"2015";907;615;292
" ";" ";"2016";967;662;305
" ";" ";"2017 (zaèasni podatki)";974;647;327
" ";"14"
" ";" ";"2009";782;458;324
" ";" ";"2010";839;490;349
" ";" ";"2011";876;556;320
" ";" ";"2012";864;542;322
" ";" ";"2013";833;546;287
" ";" ";"2014";889;561;328
" ";" ";"2015";831;539;292
" ";" ";"2016";821;527;294
" ";" ";"2017 (zaèasni podatki)";873;578;295
" ";"15"
" ";" ";"2009";781;418;363
" ";" ";"2010";728;435;293
" ";" ";"2011";769;449;320
" ";" ";"2012";764;467;297
" ";" ";"2013";734;414;320
" ";" ";"2014";676;405;271
" ";" ";"2015";748;445;303
" ";" ";"2016";704;419;285
" ";" ";"2017 (zaèasni podatki)";771;468;303
" ";"16"
" ";" ";"2009";725;371;354
" ";" ";"2010";670;324;346
" ";" ";"2011";690;360;330
" ";" ";"2012";651;314;337
" ";" ";"2013";630;310;320
" ";" ";"2014";616;307;309
" ";" ";"2015";605;310;295
" ";" ";"2016";719;361;358
" ";" ";"2017 (zaèasni podatki)";718;366;352
" ";"17"
" ";" ";"2009";730;304;426
" ";" ";"2010";683;277;406
" ";" ";"2011";715;290;425
" ";" ";"2012";705;283;422
" ";" ";"2013";679;268;411
" ";" ";"2014";651;243;408
" ";" ";"2015";710;297;413
" ";" ";"2016";712;283;429
" ";" ";"2017 (zaèasni podatki)";766;335;431
" ";"18"
" ";" ";"2009";745;273;472
" ";" ";"2010";653;246;407
" ";" ";"2011";688;282;406
" ";" ";"2012";652;287;365
" ";" ";"2013";600;264;336
" ";" ";"2014";621;287;334
" ";" ";"2015";581;261;320
" ";" ";"2016";566;276;290
" ";" ";"2017 (zaèasni podatki)";560;277;283
" ";"19"
" ";" ";"2009";530;256;274
" ";" ";"2010";520;265;255
" ";" ";"2011";533;273;260
" ";" ";"2012";524;275;249
" ";" ";"2013";518;264;254
" ";" ";"2014";514;259;255
" ";" ";"2015";511;264;247
" ";" ";"2016";516;283;233
" ";" ";"2017 (zaèasni podatki)";519;271;248
" ";"20"
" ";" ";"2009";501;300;201
" ";" ";"2010";454;271;183
" ";" ";"2011";447;274;173
" ";" ";"2012";471;282;189
" ";" ";"2013";482;290;192
" ";" ";"2014";477;298;179
" ";" ";"2015";476;301;175
" ";" ";"2016";465;285;180
" ";" ";"2017 (zaèasni podatki)";493;312;181
"Savinjska"
" ";"Razred neto - SKUPAJ"
" ";" ";"2009";75943;43432;32511
" ";" ";"2010";70959;39505;31454
" ";" ";"2011";69949;38493;31456
" ";" ";"2012";67083;36507;30576
" ";" ";"2013";66081;36155;29926
" ";" ";"2014";66568;36930;29638
" ";" ";"2015";64790;36000;28790
" ";" ";"2016";64033;35246;28787
" ";" ";"2017 (zaèasni podatki)";67163;37086;30077
" ";"01"
" ";" ";"2009";4128;2758;1370
" ";" ";"2010";3824;2250;1574
" ";" ";"2011";3706;1988;1718
" ";" ";"2012";3748;1930;1818
" ";" ";"2013";3799;1990;1809
" ";" ";"2014";3654;1922;1732
" ";" ";"2015";3573;1852;1721
" ";" ";"2016";3287;1766;1521
" ";" ";"2017 (zaèasni podatki)";3437;1884;1553
" ";"02"
" ";" ";"2009";4526;2540;1986
" ";" ";"2010";3675;1841;1834
" ";" ";"2011";4222;2139;2083
" ";" ";"2012";3541;1652;1889
" ";" ";"2013";3448;1516;1932
" ";" ";"2014";3119;1354;1765
" ";" ";"2015";3155;1357;1798
" ";" ";"2016";3246;1469;1777
" ";" ";"2017 (zaèasni podatki)";3409;1576;1833
" ";"03"
" ";" ";"2009";4888;2180;2708
" ";" ";"2010";3958;1833;2125
" ";" ";"2011";3637;1721;1916
" ";" ";"2012";3718;1742;1976
" ";" ";"2013";3473;1749;1724
" ";" ";"2014";3820;1958;1862
" ";" ";"2015";3300;1635;1665
" ";" ";"2016";3476;1659;1817
" ";" ";"2017 (zaèasni podatki)";3637;1668;1969
" ";"04"
" ";" ";"2009";4954;2226;2728
" ";" ";"2010";4226;1881;2345
" ";" ";"2011";4217;1872;2345
" ";" ";"2012";3977;1813;2164
" ";" ";"2013";3669;1692;1977
" ";" ";"2014";3827;1768;2059
" ";" ";"2015";3827;1698;2129
" ";" ";"2016";3625;1579;2046
" ";" ";"2017 (zaèasni podatki)";3766;1577;2189
" ";"05"
" ";" ";"2009";4720;2384;2336
" ";" ";"2010";4557;2075;2482
" ";" ";"2011";4316;1997;2319
" ";" ";"2012";4184;1884;2300
" ";" ";"2013";3897;1799;2098
" ";" ";"2014";3959;1836;2123
" ";" ";"2015";3785;1739;2046
" ";" ";"2016";3836;1795;2041
" ";" ";"2017 (zaèasni podatki)";3908;1822;2086
" ";"06"
" ";" ";"2009";4519;2519;2000
" ";" ";"2010";4363;2211;2152
" ";" ";"2011";4274;2078;2196
" ";" ";"2012";4171;2019;2152
" ";" ";"2013";3976;1979;1997
" ";" ";"2014";3981;1976;2005
" ";" ";"2015";3680;1890;1790
" ";" ";"2016";3917;1979;1938
" ";" ";"2017 (zaèasni podatki)";4109;2042;2067
" ";"07"
" ";" ";"2009";4206;2529;1677
" ";" ";"2010";4081;2290;1791
" ";" ";"2011";4016;2196;1820
" ";" ";"2012";3892;2161;1731
" ";" ";"2013";3919;2065;1854
" ";" ";"2014";3927;2220;1707
" ";" ";"2015";3832;2101;1731
" ";" ";"2016";3791;2088;1703
" ";" ";"2017 (zaèasni podatki)";3932;2156;1776
" ";"08"
" ";" ";"2009";4065;2564;1501
" ";" ";"2010";3718;2297;1421
" ";" ";"2011";3902;2406;1496
" ";" ";"2012";3599;2222;1377
" ";" ";"2013";3612;2138;1474
" ";" ";"2014";3713;2196;1517
" ";" ";"2015";3959;2358;1601
" ";" ";"2016";3830;2321;1509
" ";" ";"2017 (zaèasni podatki)";3843;2269;1574
" ";"09"
" ";" ";"2009";3886;2576;1310
" ";" ";"2010";3552;2241;1311
" ";" ";"2011";3552;2216;1336
" ";" ";"2012";3572;2188;1384
" ";" ";"2013";3573;2150;1423
" ";" ";"2014";3610;2214;1396
" ";" ";"2015";3419;2092;1327
" ";" ";"2016";3428;2105;1323
" ";" ";"2017 (zaèasni podatki)";3740;2263;1477
" ";"10"
" ";" ";"2009";3808;2482;1326
" ";" ";"2010";3824;2421;1403
" ";" ";"2011";3606;2257;1349
" ";" ";"2012";3460;2161;1299
" ";" ";"2013";3343;2043;1300
" ";" ";"2014";3498;2166;1332
" ";" ";"2015";3506;2139;1367
" ";" ";"2016";3301;2049;1252
" ";" ";"2017 (zaèasni podatki)";3459;2077;1382
" ";"11"
" ";" ";"2009";3884;2495;1389
" ";" ";"2010";3651;2307;1344
" ";" ";"2011";3463;2097;1366
" ";" ";"2012";3290;2005;1285
" ";" ";"2013";3265;1966;1299
" ";" ";"2014";3266;1956;1310
" ";" ";"2015";3344;2035;1309
" ";" ";"2016";3269;1983;1286
" ";" ";"2017 (zaèasni podatki)";3544;2225;1319
" ";"12"
" ";" ";"2009";3658;2211;1447
" ";" ";"2010";3517;2166;1351
" ";" ";"2011";3374;2089;1285
" ";" ";"2012";3232;1914;1318
" ";" ";"2013";3212;1928;1284
" ";" ";"2014";3328;2056;1272
" ";" ";"2015";3256;2095;1161
" ";" ";"2016";3215;2009;1206
" ";" ";"2017 (zaèasni podatki)";3397;2070;1327
" ";"13"
" ";" ";"2009";3440;2073;1367
" ";" ";"2010";3389;2033;1356
" ";" ";"2011";3271;1976;1295
" ";" ";"2012";3180;1940;1240
" ";" ";"2013";3301;1957;1344
" ";" ";"2014";3258;1999;1259
" ";" ";"2015";3142;1980;1162
" ";" ";"2016";3138;1903;1235
" ";" ";"2017 (zaèasni podatki)";3382;2129;1253
" ";"14"
" ";" ";"2009";3202;1855;1347
" ";" ";"2010";3277;1926;1351
" ";" ";"2011";3259;1903;1356
" ";" ";"2012";3047;1731;1316
" ";" ";"2013";3175;1891;1284
" ";" ";"2014";3148;1881;1267
" ";" ";"2015";3097;1891;1206
" ";" ";"2016";3040;1807;1233
" ";" ";"2017 (zaèasni podatki)";3199;1966;1233
" ";"15"
" ";" ";"2009";3267;1822;1445
" ";" ";"2010";3084;1774;1310
" ";" ";"2011";3052;1719;1333
" ";" ";"2012";2890;1659;1231
" ";" ";"2013";2959;1689;1270
" ";" ";"2014";2980;1720;1260
" ";" ";"2015";2957;1728;1229
" ";" ";"2016";2877;1633;1244
" ";" ";"2017 (zaèasni podatki)";3101;1809;1292
" ";"16"
" ";" ";"2009";3180;1854;1326
" ";" ";"2010";3051;1766;1285
" ";" ";"2011";3069;1728;1341
" ";" ";"2012";2858;1491;1367
" ";" ";"2013";2945;1619;1326
" ";" ";"2014";2954;1623;1331
" ";" ";"2015";2910;1606;1304
" ";" ";"2016";2878;1485;1393
" ";" ";"2017 (zaèasni podatki)";2990;1567;1423
" ";"17"
" ";" ";"2009";3349;1706;1643
" ";" ";"2010";3300;1680;1620
" ";" ";"2011";3096;1512;1584
" ";" ";"2012";3012;1419;1593
" ";" ";"2013";3022;1473;1549
" ";" ";"2014";2921;1429;1492
" ";" ";"2015";2849;1453;1396
" ";" ";"2016";2950;1434;1516
" ";" ";"2017 (zaèasni podatki)";2985;1472;1513
" ";"18"
" ";" ";"2009";3272;1573;1699
" ";" ";"2010";3109;1534;1575
" ";" ";"2011";3123;1544;1579
" ";" ";"2012";2909;1466;1443
" ";" ";"2013";2846;1526;1320
" ";" ";"2014";2852;1531;1321
" ";" ";"2015";2807;1492;1315
" ";" ";"2016";2706;1469;1237
" ";" ";"2017 (zaèasni podatki)";2851;1610;1241
" ";"19"
" ";" ";"2009";2847;1676;1171
" ";" ";"2010";2689;1591;1098
" ";" ";"2011";2720;1658;1062
" ";" ";"2012";2736;1723;1013
" ";" ";"2013";2614;1608;1006
" ";" ";"2014";2688;1697;991
" ";" ";"2015";2497;1558;939
" ";" ";"2016";2396;1486;910
" ";" ";"2017 (zaèasni podatki)";2533;1603;930
" ";"20"
" ";" ";"2009";2144;1409;735
" ";" ";"2010";2114;1388;726
" ";" ";"2011";2074;1397;677
" ";" ";"2012";2067;1387;680
" ";" ";"2013";2033;1377;656
" ";" ";"2014";2065;1428;637
" ";" ";"2015";1895;1301;594
" ";" ";"2016";1827;1227;600
" ";" ";"2017 (zaèasni podatki)";1941;1301;640
"Zasavska"
" ";"Razred neto - SKUPAJ"
" ";" ";"2009";9150;4871;4279
" ";" ";"2010";8646;4521;4125
" ";" ";"2011";8410;4362;4048
" ";" ";"2012";7914;4067;3847
" ";" ";"2013";7611;3858;3753
" ";" ";"2014";7386;3693;3693
" ";" ";"2015";9083;4555;4528
" ";" ";"2016";8871;4373;4498
" ";" ";"2017 (zaèasni podatki)";9061;4490;4571
" ";"01"
" ";" ";"2009";454;170;284
" ";" ";"2010";462;182;280
" ";" ";"2011";420;169;251
" ";" ";"2012";502;177;325
" ";" ";"2013";413;169;244
" ";" ";"2014";439;158;281
" ";" ";"2015";572;236;336
" ";" ";"2016";494;203;291
" ";" ";"2017 (zaèasni podatki)";507;220;287
" ";"02"
" ";" ";"2009";579;211;368
" ";" ";"2010";541;195;346
" ";" ";"2011";543;200;343
" ";" ";"2012";452;174;278
" ";" ";"2013";453;153;300
" ";" ";"2014";442;143;299
" ";" ";"2015";529;201;328
" ";" ";"2016";524;193;331
" ";" ";"2017 (zaèasni podatki)";613;216;397
" ";"03"
" ";" ";"2009";561;199;362
" ";" ";"2010";490;207;283
" ";" ";"2011";419;194;225
" ";" ";"2012";447;184;263
" ";" ";"2013";348;132;216
" ";" ";"2014";388;157;231
" ";" ";"2015";619;282;337
" ";" ";"2016";599;253;346
" ";" ";"2017 (zaèasni podatki)";591;272;319
" ";"04"
" ";" ";"2009";501;208;293
" ";" ";"2010";469;213;256
" ";" ";"2011";422;185;237
" ";" ";"2012";431;205;226
" ";" ";"2013";415;168;247
" ";" ";"2014";416;170;246
" ";" ";"2015";610;262;348
" ";" ";"2016";644;278;366
" ";" ";"2017 (zaèasni podatki)";614;265;349
" ";"05"
" ";" ";"2009";504;263;241
" ";" ";"2010";521;239;282
" ";" ";"2011";433;202;231
" ";" ";"2012";402;187;215
" ";" ";"2013";443;189;254
" ";" ";"2014";482;223;259
" ";" ";"2015";564;255;309
" ";" ";"2016";561;268;293
" ";" ";"2017 (zaèasni podatki)";589;261;328
" ";"06"
" ";" ";"2009";466;267;199
" ";" ";"2010";471;236;235
" ";" ";"2011";440;194;246
" ";" ";"2012";465;225;240
" ";" ";"2013";462;230;232
" ";" ";"2014";416;203;213
" ";" ";"2015";536;246;290
" ";" ";"2016";542;257;285
" ";" ";"2017 (zaèasni podatki)";576;269;307
" ";"07"
" ";" ";"2009";481;306;175
" ";" ";"2010";422;241;181
" ";" ";"2011";463;240;223
" ";" ";"2012";463;249;214
" ";" ";"2013";384;206;178
" ";" ";"2014";411;246;165
" ";" ";"2015";546;321;225
" ";" ";"2016";510;297;213
" ";" ";"2017 (zaèasni podatki)";506;304;202
" ";"08"
" ";" ";"2009";516;335;181
" ";" ";"2010";437;271;166
" ";" ";"2011";438;265;173
" ";" ";"2012";424;270;154
" ";" ";"2013";444;271;173
" ";" ";"2014";425;272;153
" ";" ";"2015";480;321;159
" ";" ";"2016";510;351;159
" ";" ";"2017 (zaèasni podatki)";466;313;153
" ";"09"
" ";" ";"2009";419;286;133
" ";" ";"2010";359;249;110
" ";" ";"2011";415;281;134
" ";" ";"2012";399;269;130
" ";" ";"2013";393;268;125
" ";" ";"2014";414;280;134
" ";" ";"2015";460;314;146
" ";" ";"2016";420;272;148
" ";" ";"2017 (zaèasni podatki)";450;301;149
" ";"10"
" ";" ";"2009";416;277;139
" ";" ";"2010";424;273;151
" ";" ";"2011";418;252;166
" ";" ";"2012";361;226;135
" ";" ";"2013";364;212;152
" ";" ";"2014";363;214;149
" ";" ";"2015";492;299;193
" ";" ";"2016";481;288;193
" ";" ";"2017 (zaèasni podatki)";473;265;208
" ";"11"
" ";" ";"2009";435;276;159
" ";" ";"2010";401;235;166
" ";" ";"2011";400;228;172
" ";" ";"2012";375;213;162
" ";" ";"2013";402;214;188
" ";" ";"2014";369;196;173
" ";" ";"2015";473;252;221
" ";" ";"2016";435;230;205
" ";" ";"2017 (zaèasni podatki)";457;240;217
" ";"12"
" ";" ";"2009";402;232;170
" ";" ";"2010";364;207;157
" ";" ";"2011";393;229;164
" ";" ";"2012";383;198;185
" ";" ";"2013";373;229;144
" ";" ";"2014";363;207;156
" ";" ";"2015";373;206;167
" ";" ";"2016";381;188;193
" ";" ";"2017 (zaèasni podatki)";380;205;175
" ";"13"
" ";" ";"2009";411;229;182
" ";" ";"2010";422;235;187
" ";" ";"2011";405;225;180
" ";" ";"2012";346;194;152
" ";" ";"2013";353;198;155
" ";" ";"2014";319;173;146
" ";" ";"2015";373;211;162
" ";" ";"2016";347;191;156
" ";" ";"2017 (zaèasni podatki)";364;205;159
" ";"14"
" ";" ";"2009";445;265;180
" ";" ";"2010";453;242;211
" ";" ";"2011";418;235;183
" ";" ";"2012";362;196;166
" ";" ";"2013";385;215;170
" ";" ";"2014";325;174;151
" ";" ";"2015";421;208;213
" ";" ";"2016";361;179;182
" ";" ";"2017 (zaèasni podatki)";398;187;211
" ";"15"
" ";" ";"2009";484;265;219
" ";" ";"2010";458;270;188
" ";" ";"2011";433;234;199
" ";" ";"2012";387;198;189
" ";" ";"2013";353;186;167
" ";" ";"2014";364;170;194
" ";" ";"2015";396;192;204
" ";" ";"2016";401;181;220
" ";" ";"2017 (zaèasni podatki)";401;184;217
" ";"16"
" ";" ";"2009";467;251;216
" ";" ";"2010";448;236;212
" ";" ";"2011";447;224;223
" ";" ";"2012";365;199;166
" ";" ";"2013";343;174;169
" ";" ";"2014";336;168;168
" ";" ";"2015";379;175;204
" ";" ";"2016";425;184;241
" ";" ";"2017 (zaèasni podatki)";405;194;211
" ";"17"
" ";" ";"2009";450;226;224
" ";" ";"2010";409;215;194
" ";" ";"2011";438;224;214
" ";" ";"2012";389;186;203
" ";" ";"2013";376;175;201
" ";" ";"2014";308;139;169
" ";" ";"2015";361;141;220
" ";" ";"2016";397;152;245
" ";" ";"2017 (zaèasni podatki)";417;153;264
" ";"18"
" ";" ";"2009";478;226;252
" ";" ";"2010";425;184;241
" ";" ";"2011";413;206;207
" ";" ";"2012";365;169;196
" ";" ";"2013";353;145;208
" ";" ";"2014";313;129;184
" ";" ";"2015";368;146;222
" ";" ";"2016";331;126;205
" ";" ";"2017 (zaèasni podatki)";316;129;187
" ";"19"
" ";" ";"2009";343;168;175
" ";" ";"2010";350;193;157
" ";" ";"2011";343;179;164
" ";" ";"2012";319;181;138
" ";" ";"2013";287;164;123
" ";" ";"2014";245;125;120
" ";" ";"2015";271;135;136
" ";" ";"2016";248;130;118
" ";" ";"2017 (zaèasni podatki)";273;148;125
" ";"20"
" ";" ";"2009";338;211;127
" ";" ";"2010";320;198;122
" ";" ";"2011";309;196;113
" ";" ";"2012";277;167;110
" ";" ";"2013";267;160;107
" ";" ";"2014";248;146;102
" ";" ";"2015";260;152;108
" ";" ";"2016";260;152;108
" ";" ";"2017 (zaèasni podatki)";265;159;106
"Posavska"
" ";"Razred neto - SKUPAJ"
" ";" ";"2009";16298;9105;7193
" ";" ";"2010";15299;8509;6790
" ";" ";"2011";14479;7859;6620
" ";" ";"2012";14042;7494;6548
" ";" ";"2013";13444;7048;6396
" ";" ";"2014";14116;7570;6546
" ";" ";"2015";14533;7807;6726
" ";" ";"2016";15005;8093;6912
" ";" ";"2017 (zaèasni podatki)";15435;8314;7121
" ";"01"
" ";" ";"2009";1348;847;501
" ";" ";"2010";909;502;407
" ";" ";"2011";742;329;413
" ";" ";"2012";776;341;435
" ";" ";"2013";747;307;440
" ";" ";"2014";763;329;434
" ";" ";"2015";827;337;490
" ";" ";"2016";832;359;473
" ";" ";"2017 (zaèasni podatki)";897;411;486
" ";"02"
" ";" ";"2009";1142;482;660
" ";" ";"2010";1127;643;484
" ";" ";"2011";884;385;499
" ";" ";"2012";917;384;533
" ";" ";"2013";853;353;500
" ";" ";"2014";831;334;497
" ";" ";"2015";941;370;571
" ";" ";"2016";907;352;555
" ";" ";"2017 (zaèasni podatki)";952;380;572
" ";"03"
" ";" ";"2009";955;435;520
" ";" ";"2010";1000;498;502
" ";" ";"2011";1100;592;508
" ";" ";"2012";1001;479;522
" ";" ";"2013";1020;494;526
" ";" ";"2014";1100;526;574
" ";" ";"2015";1021;497;524
" ";" ";"2016";992;435;557
" ";" ";"2017 (zaèasni podatki)";972;429;543
" ";"04"
" ";" ";"2009";916;452;464
" ";" ";"2010";901;430;471
" ";" ";"2011";940;449;491
" ";" ";"2012";913;447;466
" ";" ";"2013";908;427;481
" ";" ";"2014";963;463;500
" ";" ";"2015";971;445;526
" ";" ";"2016";1006;467;539
" ";" ";"2017 (zaèasni podatki)";947;415;532
" ";"05"
" ";" ";"2009";855;449;406
" ";" ";"2010";924;501;423
" ";" ";"2011";873;449;424
" ";" ";"2012";788;365;423
" ";" ";"2013";814;407;407
" ";" ";"2014";835;424;411
" ";" ";"2015";857;462;395
" ";" ";"2016";883;483;400
" ";" ";"2017 (zaèasni podatki)";884;462;422
" ";"06"
" ";" ";"2009";947;549;398
" ";" ";"2010";900;486;414
" ";" ";"2011";771;405;366
" ";" ";"2012";752;399;353
" ";" ";"2013";702;391;311
" ";" ";"2014";791;444;347
" ";" ";"2015";779;446;333
" ";" ";"2016";851;457;394
" ";" ";"2017 (zaèasni podatki)";890;510;380
" ";"07"
" ";" ";"2009";834;494;340
" ";" ";"2010";744;412;332
" ";" ";"2011";738;414;324
" ";" ";"2012";746;422;324
" ";" ";"2013";722;431;291
" ";" ";"2014";722;468;254
" ";" ";"2015";795;494;301
" ";" ";"2016";832;524;308
" ";" ";"2017 (zaèasni podatki)";862;487;375
" ";"08"
" ";" ";"2009";754;466;288
" ";" ";"2010";829;503;326
" ";" ";"2011";803;515;288
" ";" ";"2012";719;454;265
" ";" ";"2013";691;425;266
" ";" ";"2014";737;444;293
" ";" ";"2015";770;476;294
" ";" ";"2016";813;518;295
" ";" ";"2017 (zaèasni podatki)";835;525;310
" ";"09"
" ";" ";"2009";889;550;339
" ";" ";"2010";765;471;294
" ";" ";"2011";662;398;264
" ";" ";"2012";723;452;271
" ";" ";"2013";730;442;288
" ";" ";"2014";713;430;283
" ";" ";"2015";738;443;295
" ";" ";"2016";725;450;275
" ";" ";"2017 (zaèasni podatki)";794;491;303
" ";"10"
" ";" ";"2009";767;509;258
" ";" ";"2010";760;463;297
" ";" ";"2011";762;441;321
" ";" ";"2012";738;429;309
" ";" ";"2013";652;390;262
" ";" ";"2014";685;403;282
" ";" ";"2015";701;413;288
" ";" ";"2016";718;420;298
" ";" ";"2017 (zaèasni podatki)";763;461;302
" ";"11"
" ";" ";"2009";771;449;322
" ";" ";"2010";784;457;327
" ";" ";"2011";676;388;288
" ";" ";"2012";692;415;277
" ";" ";"2013";607;329;278
" ";" ";"2014";663;364;299
" ";" ";"2015";710;411;299
" ";" ";"2016";678;393;285
" ";" ";"2017 (zaèasni podatki)";692;412;280
" ";"12"
" ";" ";"2009";846;481;365
" ";" ";"2010";702;401;301
" ";" ";"2011";649;376;273
" ";" ";"2012";583;320;263
" ";" ";"2013";551;297;254
" ";" ";"2014";618;352;266
" ";" ";"2015";680;376;304
" ";" ";"2016";635;355;280
" ";" ";"2017 (zaèasni podatki)";681;401;280
" ";"13"
" ";" ";"2009";660;384;276
" ";" ";"2010";605;354;251
" ";" ";"2011";630;371;259
" ";" ";"2012";607;323;284
" ";" ";"2013";571;287;284
" ";" ";"2014";627;332;295
" ";" ";"2015";585;331;254
" ";" ";"2016";644;362;282
" ";" ";"2017 (zaèasni podatki)";674;377;297
" ";"14"
" ";" ";"2009";622;346;276
" ";" ";"2010";634;362;272
" ";" ";"2011";590;323;267
" ";" ";"2012";538;305;233
" ";" ";"2013";500;272;228
" ";" ";"2014";577;329;248
" ";" ";"2015";578;323;255
" ";" ";"2016";650;356;294
" ";" ";"2017 (zaèasni podatki)";643;346;297
" ";"15"
" ";" ";"2009";703;388;315
" ";" ";"2010";670;369;301
" ";" ";"2011";600;347;253
" ";" ";"2012";548;307;241
" ";" ";"2013";517;248;269
" ";" ";"2014";525;276;249
" ";" ";"2015";568;306;262
" ";" ";"2016";599;315;284
" ";" ";"2017 (zaèasni podatki)";641;331;310
" ";"16"
" ";" ";"2009";674;390;284
" ";" ";"2010";570;330;240
" ";" ";"2011";627;369;258
" ";" ";"2012";607;347;260
" ";" ";"2013";553;295;258
" ";" ";"2014";593;306;287
" ";" ";"2015";596;310;286
" ";" ";"2016";667;360;307
" ";" ";"2017 (zaèasni podatki)";710;369;341
" ";"17"
" ";" ";"2009";668;336;332
" ";" ";"2010";668;325;343
" ";" ";"2011";649;310;339
" ";" ";"2012";608;263;345
" ";" ";"2013";557;227;330
" ";" ";"2014";571;259;312
" ";" ";"2015";592;262;330
" ";" ";"2016";705;317;388
" ";" ";"2017 (zaèasni podatki)";724;333;391
" ";"18"
" ";" ";"2009";725;324;401
" ";" ";"2010";705;316;389
" ";" ";"2011";641;284;357
" ";" ";"2012";624;301;323
" ";" ";"2013";648;320;328
" ";" ";"2014";630;300;330
" ";" ";"2015";634;308;326
" ";" ";"2016";636;344;292
" ";" ";"2017 (zaèasni podatki)";651;375;276
" ";"19"
" ";" ";"2009";617;351;266
" ";" ";"2010";551;298;253
" ";" ";"2011";590;319;271
" ";" ";"2012";592;328;264
" ";" ";"2013";580;325;255
" ";" ";"2014";603;367;236
" ";" ";"2015";643;396;247
" ";" ";"2016";640;393;247
" ";" ";"2017 (zaèasni podatki)";623;377;246
" ";"20"
" ";" ";"2009";605;423;182
" ";" ";"2010";551;388;163
" ";" ";"2011";552;395;157
" ";" ";"2012";570;413;157
" ";" ";"2013";521;381;140
" ";" ";"2014";569;420;149
" ";" ";"2015";547;401;146
" ";" ";"2016";592;433;159
" ";" ";"2017 (zaèasni podatki)";600;422;178
"Jugovzhodna Slovenija"
" ";"Razred neto - SKUPAJ"
" ";" ";"2009";39268;22419;16849
" ";" ";"2010";36482;20851;15631
" ";" ";"2011";35398;20064;15334
" ";" ";"2012";34659;19407;15252
" ";" ";"2013";34550;19075;15475
" ";" ";"2014";34807;19320;15487
" ";" ";"2015";35066;19449;15617
" ";" ";"2016";36125;20217;15908
" ";" ";"2017 (zaèasni podatki)";37277;20811;16466
" ";"01"
" ";" ";"2009";1860;1077;783
" ";" ";"2010";1776;887;889
" ";" ";"2011";1592;801;791
" ";" ";"2012";1568;753;815
" ";" ";"2013";1618;752;866
" ";" ";"2014";1371;624;747
" ";" ";"2015";1606;710;896
" ";" ";"2016";1557;729;828
" ";" ";"2017 (zaèasni podatki)";1627;802;825
" ";"02"
" ";" ";"2009";1976;946;1030
" ";" ";"2010";1550;811;739
" ";" ";"2011";1572;784;788
" ";" ";"2012";1493;728;765
" ";" ";"2013";1635;691;944
" ";" ";"2014";1500;668;832
" ";" ";"2015";1567;697;870
" ";" ";"2016";1593;716;877
" ";" ";"2017 (zaèasni podatki)";1729;845;884
" ";"03"
" ";" ";"2009";2181;1105;1076
" ";" ";"2010";1719;899;820
" ";" ";"2011";1604;839;765
" ";" ";"2012";1806;897;909
" ";" ";"2013";1691;879;812
" ";" ";"2014";1961;997;964
" ";" ";"2015";1766;931;835
" ";" ";"2016";1902;981;921
" ";" ";"2017 (zaèasni podatki)";1872;910;962
" ";"04"
" ";" ";"2009";2155;1006;1149
" ";" ";"2010";1799;913;886
" ";" ";"2011";1733;917;816
" ";" ";"2012";1795;975;820
" ";" ";"2013";1799;898;901
" ";" ";"2014";1690;838;852
" ";" ";"2015";1820;924;896
" ";" ";"2016";1801;952;849
" ";" ";"2017 (zaèasni podatki)";1957;941;1016
" ";"05"
" ";" ";"2009";2057;1137;920
" ";" ";"2010";1869;1011;858
" ";" ";"2011";1725;978;747
" ";" ";"2012";1766;934;832
" ";" ";"2013";1921;1040;881
" ";" ";"2014";1934;1057;877
" ";" ";"2015";1822;1022;800
" ";" ";"2016";1809;999;810
" ";" ";"2017 (zaèasni podatki)";1910;1002;908
" ";"06"
" ";" ";"2009";2192;1352;840
" ";" ";"2010";2046;1201;845
" ";" ";"2011";1876;1106;770
" ";" ";"2012";1803;1088;715
" ";" ";"2013";1879;1145;734
" ";" ";"2014";1857;1077;780
" ";" ";"2015";1743;992;751
" ";" ";"2016";1928;1123;805
" ";" ";"2017 (zaèasni podatki)";1902;1099;803
" ";"07"
" ";" ";"2009";2197;1421;776
" ";" ";"2010";1982;1254;728
" ";" ";"2011";1965;1237;728
" ";" ";"2012";1945;1249;696
" ";" ";"2013";1851;1166;685
" ";" ";"2014";1823;1179;644
" ";" ";"2015";1731;1048;683
" ";" ";"2016";1849;1141;708
" ";" ";"2017 (zaèasni podatki)";1874;1123;751
" ";"08"
" ";" ";"2009";2085;1384;701
" ";" ";"2010";1964;1276;688
" ";" ";"2011";1961;1232;729
" ";" ";"2012";1842;1139;703
" ";" ";"2013";1832;1193;639
" ";" ";"2014";1807;1142;665
" ";" ";"2015";1841;1159;682
" ";" ";"2016";1816;1135;681
" ";" ";"2017 (zaèasni podatki)";1944;1217;727
" ";"09"
" ";" ";"2009";2076;1384;692
" ";" ";"2010";1878;1249;629
" ";" ";"2011";1902;1237;665
" ";" ";"2012";1823;1165;658
" ";" ";"2013";1802;1136;666
" ";" ";"2014";1829;1133;696
" ";" ";"2015";1748;1064;684
" ";" ";"2016";1877;1155;722
" ";" ";"2017 (zaèasni podatki)";1957;1227;730
" ";"10"
" ";" ";"2009";2120;1366;754
" ";" ";"2010";2041;1290;751
" ";" ";"2011";1941;1205;736
" ";" ";"2012";1883;1160;723
" ";" ";"2013";1890;1191;699
" ";" ";"2014";1846;1133;713
" ";" ";"2015";1761;1073;688
" ";" ";"2016";1839;1089;750
" ";" ";"2017 (zaèasni podatki)";1905;1138;767
" ";"11"
" ";" ";"2009";2149;1351;798
" ";" ";"2010";1976;1233;743
" ";" ";"2011";1871;1145;726
" ";" ";"2012";1813;1124;689
" ";" ";"2013";1747;1064;683
" ";" ";"2014";1834;1129;705
" ";" ";"2015";1921;1148;773
" ";" ";"2016";1893;1148;745
" ";" ";"2017 (zaèasni podatki)";1961;1124;837
" ";"12"
" ";" ";"2009";2104;1296;808
" ";" ";"2010";1980;1258;722
" ";" ";"2011";1956;1238;718
" ";" ";"2012";1839;1147;692
" ";" ";"2013";1791;1079;712
" ";" ";"2014";1749;1051;698
" ";" ";"2015";1808;1074;734
" ";" ";"2016";1914;1154;760
" ";" ";"2017 (zaèasni podatki)";1923;1148;775
" ";"13"
" ";" ";"2009";1937;1164;773
" ";" ";"2010";1902;1147;755
" ";" ";"2011";1911;1161;750
" ";" ";"2012";1767;1027;740
" ";" ";"2013";1646;945;701
" ";" ";"2014";1764;1048;716
" ";" ";"2015";1883;1160;723
" ";" ";"2016";1925;1176;749
" ";" ";"2017 (zaèasni podatki)";2078;1324;754
" ";"14"
" ";" ";"2009";1884;1078;806
" ";" ";"2010";1938;1157;781
" ";" ";"2011";1857;1104;753
" ";" ";"2012";1734;1012;722
" ";" ";"2013";1716;988;728
" ";" ";"2014";1747;1032;715
" ";" ";"2015";1826;1085;741
" ";" ";"2016";2024;1220;804
" ";" ";"2017 (zaèasni podatki)";2053;1231;822
" ";"15"
" ";" ";"2009";2003;1130;873
" ";" ";"2010";1858;1074;784
" ";" ";"2011";1787;1022;765
" ";" ";"2012";1689;966;723
" ";" ";"2013";1740;955;785
" ";" ";"2014";1736;994;742
" ";" ";"2015";1844;1055;789
" ";" ";"2016";1838;1063;775
" ";" ";"2017 (zaèasni podatki)";1914;1138;776
" ";"16"
" ";" ";"2009";1735;972;763
" ";" ";"2010";1739;966;773
" ";" ";"2011";1723;906;817
" ";" ";"2012";1687;898;789
" ";" ";"2013";1664;822;842
" ";" ";"2014";1808;939;869
" ";" ";"2015";1811;967;844
" ";" ";"2016";1926;1008;918
" ";" ";"2017 (zaèasni podatki)";1900;978;922
" ";"17"
" ";" ";"2009";1737;824;913
" ";" ";"2010";1700;805;895
" ";" ";"2011";1710;815;895
" ";" ";"2012";1659;764;895
" ";" ";"2013";1630;752;878
" ";" ";"2014";1675;759;916
" ";" ";"2015";1706;827;879
" ";" ";"2016";1756;817;939
" ";" ";"2017 (zaèasni podatki)";1947;955;992
" ";"18"
" ";" ";"2009";1805;776;1029
" ";" ";"2010";1757;766;991
" ";" ";"2011";1774;768;1006
" ";" ";"2012";1712;763;949
" ";" ";"2013";1658;728;930
" ";" ";"2014";1725;799;926
" ";" ";"2015";1745;796;949
" ";" ";"2016";1770;874;896
" ";" ";"2017 (zaèasni podatki)";1753;884;869
" ";"19"
" ";" ";"2009";1597;845;752
" ";" ";"2010";1572;833;739
" ";" ";"2011";1468;741;727
" ";" ";"2012";1507;754;753
" ";" ";"2013";1491;778;713
" ";" ";"2014";1563;822;741
" ";" ";"2015";1540;827;713
" ";" ";"2016";1566;850;716
" ";" ";"2017 (zaèasni podatki)";1501;813;688
" ";"20"
" ";" ";"2009";1418;805;613
" ";" ";"2010";1436;821;615
" ";" ";"2011";1470;828;642
" ";" ";"2012";1528;864;664
" ";" ";"2013";1549;873;676
" ";" ";"2014";1588;899;689
" ";" ";"2015";1577;890;687
" ";" ";"2016";1542;887;655
" ";" ";"2017 (zaèasni podatki)";1570;912;658
"Osrednjeslovenska"
" ";"Razred neto - SKUPAJ"
" ";" ";"2009";200471;109130;91341
" ";" ";"2010";194669;105220;89449
" ";" ";"2011";187927;99893;88034
" ";" ";"2012";186443;99752;86691
" ";" ";"2013";187190;99760;87430
" ";" ";"2014";191225;102583;88642
" ";" ";"2015";187817;101129;86688
" ";" ";"2016";189281;100581;88700
" ";" ";"2017 (zaèasni podatki)";199099;106534;92565
" ";"01"
" ";" ";"2009";9405;5657;3748
" ";" ";"2010";9174;4983;4191
" ";" ";"2011";8238;4093;4145
" ";" ";"2012";7985;4054;3931
" ";" ";"2013";7823;3854;3969
" ";" ";"2014";8449;4269;4180
" ";" ";"2015";8856;4408;4448
" ";" ";"2016";8785;4416;4369
" ";" ";"2017 (zaèasni podatki)";9737;5124;4613
" ";"02"
" ";" ";"2009";8454;4730;3724
" ";" ";"2010";8243;4598;3645
" ";" ";"2011";7967;3958;4009
" ";" ";"2012";7444;3683;3761
" ";" ";"2013";7744;3593;4151
" ";" ";"2014";7400;3551;3849
" ";" ";"2015";7886;3829;4057
" ";" ";"2016";7833;3827;4006
" ";" ";"2017 (zaèasni podatki)";8735;4396;4339
" ";"03"
" ";" ";"2009";7325;3683;3642
" ";" ";"2010";7600;3872;3728
" ";" ";"2011";7377;3914;3463
" ";" ";"2012";7695;3910;3785
" ";" ";"2013";7711;4106;3605
" ";" ";"2014";8753;4596;4157
" ";" ";"2015";7749;4035;3714
" ";" ";"2016";8183;4143;4040
" ";" ";"2017 (zaèasni podatki)";8221;4116;4105
" ";"04"
" ";" ";"2009";7344;3665;3679
" ";" ";"2010";7436;3886;3550
" ";" ";"2011";7417;3869;3548
" ";" ";"2012";7196;3650;3546
" ";" ";"2013";7231;3547;3684
" ";" ";"2014";7560;3651;3909
" ";" ";"2015";7633;3777;3856
" ";" ";"2016";7560;3704;3856
" ";" ";"2017 (zaèasni podatki)";8237;3972;4265
" ";"05"
" ";" ";"2009";7760;4086;3674
" ";" ";"2010";7538;3839;3699
" ";" ";"2011";7369;3688;3681
" ";" ";"2012";7528;3627;3901
" ";" ";"2013";7817;3797;4020
" ";" ";"2014";7841;3884;3957
" ";" ";"2015";7711;3850;3861
" ";" ";"2016";7882;3890;3992
" ";" ";"2017 (zaèasni podatki)";8168;4009;4159
" ";"06"
" ";" ";"2009";7712;4241;3471
" ";" ";"2010";7930;4108;3822
" ";" ";"2011";7680;3866;3814
" ";" ";"2012";7488;3889;3599
" ";" ";"2013";7728;4044;3684
" ";" ";"2014";7963;4287;3676
" ";" ";"2015";7811;4146;3665
" ";" ";"2016";7831;4118;3713
" ";" ";"2017 (zaèasni podatki)";8177;4260;3917
" ";"07"
" ";" ";"2009";8017;4373;3644
" ";" ";"2010";7960;4336;3624
" ";" ";"2011";7806;4391;3415
" ";" ";"2012";8066;4543;3523
" ";" ";"2013";7873;4424;3449
" ";" ";"2014";8023;4503;3520
" ";" ";"2015";7863;4447;3416
" ";" ";"2016";7597;4292;3305
" ";" ";"2017 (zaèasni podatki)";7848;4464;3384
" ";"08"
" ";" ";"2009";8253;4658;3595
" ";" ";"2010";8277;4748;3529
" ";" ";"2011";8334;4775;3559
" ";" ";"2012";7986;4591;3395
" ";" ";"2013";7706;4424;3282
" ";" ";"2014";8062;4685;3377
" ";" ";"2015";7897;4646;3251
" ";" ";"2016";7891;4541;3350
" ";" ";"2017 (zaèasni podatki)";8330;4693;3637
" ";"09"
" ";" ";"2009";8503;4861;3642
" ";" ";"2010";8342;4904;3438
" ";" ";"2011";8173;4769;3404
" ";" ";"2012";8031;4610;3421
" ";" ";"2013";8130;4704;3426
" ";" ";"2014";8367;4824;3543
" ";" ";"2015";8058;4525;3533
" ";" ";"2016";8177;4555;3622
" ";" ";"2017 (zaèasni podatki)";8509;4764;3745
" ";"10"
" ";" ";"2009";8775;5088;3687
" ";" ";"2010";8820;5061;3759
" ";" ";"2011";8455;4824;3631
" ";" ";"2012";8591;4807;3784
" ";" ";"2013";8421;4657;3764
" ";" ";"2014";8661;4763;3898
" ";" ";"2015";8538;4742;3796
" ";" ";"2016";8605;4786;3819
" ";" ";"2017 (zaèasni podatki)";9113;5011;4102
" ";"11"
" ";" ";"2009";9438;5280;4158
" ";" ";"2010";9003;4893;4110
" ";" ";"2011";8804;4796;4008
" ";" ";"2012";9032;5015;4017
" ";" ";"2013";9016;4856;4160
" ";" ";"2014";8979;4863;4116
" ";" ";"2015";8781;4755;4026
" ";" ";"2016";8997;4881;4116
" ";" ";"2017 (zaèasni podatki)";9389;5140;4249
" ";"12"
" ";" ";"2009";9836;5299;4537
" ";" ";"2010";9669;5193;4476
" ";" ";"2011";9513;5075;4438
" ";" ";"2012";9267;4846;4421
" ";" ";"2013";9312;4985;4327
" ";" ";"2014";9487;5182;4305
" ";" ";"2015";9075;4892;4183
" ";" ";"2016";9341;5010;4331
" ";" ";"2017 (zaèasni podatki)";9630;5242;4388
" ";"13"
" ";" ";"2009";10687;5836;4851
" ";" ";"2010";10272;5628;4644
" ";" ";"2011";9663;5106;4557
" ";" ";"2012";9855;5333;4522
" ";" ";"2013";10012;5510;4502
" ";" ";"2014";10048;5467;4581
" ";" ";"2015";9537;5285;4252
" ";" ";"2016";9437;5082;4355
" ";" ";"2017 (zaèasni podatki)";9883;5472;4411
" ";"14"
" ";" ";"2009";11239;6098;5141
" ";" ";"2010";10404;5637;4767
" ";" ";"2011";10171;5467;4704
" ";" ";"2012";10214;5705;4509
" ";" ";"2013";10213;5622;4591
" ";" ";"2014";10309;5747;4562
" ";" ";"2015";9867;5471;4396
" ";" ";"2016";10027;5507;4520
" ";" ";"2017 (zaèasni podatki)";10357;5650;4707
" ";"15"
" ";" ";"2009";11650;6314;5336
" ";" ";"2010";10952;5990;4962
" ";" ";"2011";10548;5639;4909
" ";" ";"2012";10459;5688;4771
" ";" ";"2013";10626;5808;4818
" ";" ";"2014";10538;5845;4693
" ";" ";"2015";10431;5773;4658
" ";" ";"2016";10402;5575;4827
" ";" ";"2017 (zaèasni podatki)";11027;5967;5060
" ";"16"
" ";" ";"2009";11759;6339;5420
" ";" ";"2010";11129;5878;5251
" ";" ";"2011";10684;5440;5244
" ";" ";"2012";10659;5564;5095
" ";" ";"2013";10848;5540;5308
" ";" ";"2014";10851;5605;5246
" ";" ";"2015";10555;5367;5188
" ";" ";"2016";10589;5130;5459
" ";" ";"2017 (zaèasni podatki)";10947;5472;5475
" ";"17"
" ";" ";"2009";11760;5723;6037
" ";" ";"2010";11030;5270;5760
" ";" ";"2011";10659;4962;5697
" ";" ";"2012";10617;5132;5485
" ";" ";"2013";10668;5167;5501
" ";" ";"2014";10922;5276;5646
" ";" ";"2015";10629;5283;5346
" ";" ";"2016";10353;4903;5450
" ";" ";"2017 (zaèasni podatki)";10984;5313;5671
" ";"18"
" ";" ";"2009";11850;5560;6290
" ";" ";"2010";11461;5441;6020
" ";" ";"2011";10855;5098;5757
" ";" ";"2012";11144;5384;5760
" ";" ";"2013";11244;5619;5625
" ";" ";"2014";11443;5841;5602
" ";" ";"2015";11535;6026;5509
" ";" ";"2016";11661;6056;5605
" ";" ";"2017 (zaèasni podatki)";12356;6558;5798
" ";"19"
" ";" ";"2009";14338;7656;6682
" ";" ";"2010";13778;7411;6367
" ";" ";"2011";13225;7072;6153
" ";" ";"2012";12722;6957;5765
" ";" ";"2013";12904;7000;5904
" ";" ";"2014";13099;7122;5977
" ";" ";"2015";13090;7289;5801
" ";" ";"2016";13474;7404;6070
" ";" ";"2017 (zaèasni podatki)";14198;7934;6264
" ";"20"
" ";" ";"2009";16366;9983;6383
" ";" ";"2010";15651;9544;6107
" ";" ";"2011";14989;9091;5898
" ";" ";"2012";14464;8764;5700
" ";" ";"2013";14163;8503;5660
" ";" ";"2014";14470;8622;5848
" ";" ";"2015";14315;8583;5732
" ";" ";"2016";14656;8761;5895
" ";" ";"2017 (zaèasni podatki)";15253;8977;6276
"Gorenjska"
" ";"Razred neto - SKUPAJ"
" ";" ";"2009";49840;27774;22066
" ";" ";"2010";47274;26216;21058
" ";" ";"2011";47791;26177;21614
" ";" ";"2012";45756;25181;20575
" ";" ";"2013";46243;25360;20883
" ";" ";"2014";46221;25592;20629
" ";" ";"2015";46563;25935;20628
" ";" ";"2016";47506;26561;20945
" ";" ";"2017 (zaèasni podatki)";48633;27368;21265
" ";"01"
" ";" ";"2009";2266;1296;970
" ";" ";"2010";2137;1164;973
" ";" ";"2011";2252;1134;1118
" ";" ";"2012";2297;1141;1156
" ";" ";"2013";2286;1077;1209
" ";" ";"2014";2222;1014;1208
" ";" ";"2015";2312;1035;1277
" ";" ";"2016";2168;1044;1124
" ";" ";"2017 (zaèasni podatki)";2100;1036;1064
" ";"02"
" ";" ";"2009";2155;972;1183
" ";" ";"2010";2210;1018;1192
" ";" ";"2011";2359;933;1426
" ";" ";"2012";2081;856;1225
" ";" ";"2013";2247;868;1379
" ";" ";"2014";2045;775;1270
" ";" ";"2015";2046;870;1176
" ";" ";"2016";2074;878;1196
" ";" ";"2017 (zaèasni podatki)";2111;964;1147
" ";"03"
" ";" ";"2009";2456;998;1458
" ";" ";"2010";2384;973;1411
" ";" ";"2011";2287;942;1345
" ";" ";"2012";2316;1031;1285
" ";" ";"2013";2089;959;1130
" ";" ";"2014";2307;1033;1274
" ";" ";"2015";2224;975;1249
" ";" ";"2016";2218;968;1250
" ";" ";"2017 (zaèasni podatki)";2113;948;1165
" ";"04"
" ";" ";"2009";2611;1069;1542
" ";" ";"2010";2596;1154;1442
" ";" ";"2011";2692;1157;1535
" ";" ";"2012";2238;1018;1220
" ";" ";"2013";2231;941;1290
" ";" ";"2014";2369;979;1390
" ";" ";"2015";2280;946;1334
" ";" ";"2016";2251;928;1323
" ";" ";"2017 (zaèasni podatki)";2168;947;1221
" ";"05"
" ";" ";"2009";2857;1394;1463
" ";" ";"2010";2470;1197;1273
" ";" ";"2011";2539;1193;1346
" ";" ";"2012";2306;1066;1240
" ";" ";"2013";2322;1042;1280
" ";" ";"2014";2224;1091;1133
" ";" ";"2015";2345;1109;1236
" ";" ";"2016";2327;1097;1230
" ";" ";"2017 (zaèasni podatki)";2479;1072;1407
" ";"06"
" ";" ";"2009";2827;1558;1269
" ";" ";"2010";2515;1278;1237
" ";" ";"2011";2499;1263;1236
" ";" ";"2012";2345;1205;1140
" ";" ";"2013";2335;1209;1126
" ";" ";"2014";2380;1248;1132
" ";" ";"2015";2336;1231;1105
" ";" ";"2016";2357;1229;1128
" ";" ";"2017 (zaèasni podatki)";2506;1253;1253
" ";"07"
" ";" ";"2009";2802;1657;1145
" ";" ";"2010";2564;1472;1092
" ";" ";"2011";2482;1420;1062
" ";" ";"2012";2397;1342;1055
" ";" ";"2013";2401;1314;1087
" ";" ";"2014";2317;1267;1050
" ";" ";"2015";2318;1263;1055
" ";" ";"2016";2509;1347;1162
" ";" ";"2017 (zaèasni podatki)";2471;1353;1118
" ";"08"
" ";" ";"2009";2862;1794;1068
" ";" ";"2010";2529;1522;1007
" ";" ";"2011";2589;1523;1066
" ";" ";"2012";2535;1466;1069
" ";" ";"2013";2524;1442;1082
" ";" ";"2014";2456;1415;1041
" ";" ";"2015";2415;1423;992
" ";" ";"2016";2472;1466;1006
" ";" ";"2017 (zaèasni podatki)";2671;1620;1051
" ";"09"
" ";" ";"2009";2793;1805;988
" ";" ";"2010";2693;1711;982
" ";" ";"2011";2724;1739;985
" ";" ";"2012";2462;1577;885
" ";" ";"2013";2636;1629;1007
" ";" ";"2014";2615;1635;980
" ";" ";"2015";2502;1522;980
" ";" ";"2016";2610;1613;997
" ";" ";"2017 (zaèasni podatki)";2727;1694;1033
" ";"10"
" ";" ";"2009";2750;1853;897
" ";" ";"2010";2689;1721;968
" ";" ";"2011";2741;1761;980
" ";" ";"2012";2495;1564;931
" ";" ";"2013";2540;1595;945
" ";" ";"2014";2399;1508;891
" ";" ";"2015";2405;1494;911
" ";" ";"2016";2563;1585;978
" ";" ";"2017 (zaèasni podatki)";2670;1681;989
" ";"11"
" ";" ";"2009";2772;1738;1034
" ";" ";"2010";2493;1551;942
" ";" ";"2011";2350;1492;858
" ";" ";"2012";2360;1508;852
" ";" ";"2013";2413;1471;942
" ";" ";"2014";2466;1506;960
" ";" ";"2015";2532;1538;994
" ";" ";"2016";2611;1621;990
" ";" ";"2017 (zaèasni podatki)";2774;1719;1055
" ";"12"
" ";" ";"2009";2611;1620;991
" ";" ";"2010";2473;1534;939
" ";" ";"2011";2499;1568;931
" ";" ";"2012";2493;1527;966
" ";" ";"2013";2536;1599;937
" ";" ";"2014";2458;1529;929
" ";" ";"2015";2518;1618;900
" ";" ";"2016";2644;1681;963
" ";" ";"2017 (zaèasni podatki)";2722;1725;997
" ";"13"
" ";" ";"2009";2512;1556;956
" ";" ";"2010";2402;1520;882
" ";" ";"2011";2494;1522;972
" ";" ";"2012";2471;1514;957
" ";" ";"2013";2498;1549;949
" ";" ";"2014";2551;1612;939
" ";" ";"2015";2593;1609;984
" ";" ";"2016";2732;1714;1018
" ";" ";"2017 (zaèasni podatki)";2807;1784;1023
" ";"14"
" ";" ";"2009";2437;1441;996
" ";" ";"2010";2413;1482;931
" ";" ";"2011";2490;1523;967
" ";" ";"2012";2312;1401;911
" ";" ";"2013";2360;1437;923
" ";" ";"2014";2483;1541;942
" ";" ";"2015";2564;1629;935
" ";" ";"2016";2539;1585;954
" ";" ";"2017 (zaèasni podatki)";2602;1618;984
" ";"15"
" ";" ";"2009";2297;1335;962
" ";" ";"2010";2245;1334;911
" ";" ";"2011";2333;1393;940
" ";" ";"2012";2296;1332;964
" ";" ";"2013";2290;1328;962
" ";" ";"2014";2364;1423;941
" ";" ";"2015";2431;1464;967
" ";" ";"2016";2365;1400;965
" ";" ";"2017 (zaèasni podatki)";2476;1474;1002
" ";"16"
" ";" ";"2009";2275;1226;1049
" ";" ";"2010";2265;1238;1027
" ";" ";"2011";2296;1253;1043
" ";" ";"2012";2191;1187;1004
" ";" ";"2013";2253;1215;1038
" ";" ";"2014";2287;1274;1013
" ";" ";"2015";2300;1266;1034
" ";" ";"2016";2428;1306;1122
" ";" ";"2017 (zaèasni podatki)";2455;1288;1167
" ";"17"
" ";" ";"2009";2290;1075;1215
" ";" ";"2010";2238;1040;1198
" ";" ";"2011";2226;1042;1184
" ";" ";"2012";2276;1072;1204
" ";" ";"2013";2238;1057;1181
" ";" ";"2014";2229;1089;1140
" ";" ";"2015";2339;1180;1159
" ";" ";"2016";2349;1161;1188
" ";" ";"2017 (zaèasni podatki)";2389;1195;1194
" ";"18"
" ";" ";"2009";2361;1060;1301
" ";" ";"2010";2197;1035;1162
" ";" ";"2011";2205;1053;1152
" ";" ";"2012";2136;1059;1077
" ";" ";"2013";2091;1071;1020
" ";" ";"2014";2167;1112;1055
" ";" ";"2015";2104;1098;1006
" ";" ";"2016";2246;1226;1020
" ";" ";"2017 (zaèasni podatki)";2291;1267;1024
" ";"19"
" ";" ";"2009";2044;1071;973
" ";" ";"2010";1961;1060;901
" ";" ";"2011";1911;1046;865
" ";" ";"2012";1874;1026;848
" ";" ";"2013";1859;1083;776
" ";" ";"2014";1795;1053;742
" ";" ";"2015";1858;1123;735
" ";" ";"2016";1865;1145;720
" ";" ";"2017 (zaèasni podatki)";1939;1187;752
" ";"20"
" ";" ";"2009";1862;1256;606
" ";" ";"2010";1800;1212;588
" ";" ";"2011";1823;1220;603
" ";" ";"2012";1875;1289;586
" ";" ";"2013";2094;1474;620
" ";" ";"2014";2087;1488;599
" ";" ";"2015";2141;1542;599
" ";" ";"2016";2178;1567;611
" ";" ";"2017 (zaèasni podatki)";2162;1543;619
"Primorsko-notranjska"
" ";"Razred neto - SKUPAJ"
" ";" ";"2009";12182;6848;5334
" ";" ";"2010";12375;6863;5512
" ";" ";"2011";11037;5899;5138
" ";" ";"2012";10442;5644;4798
" ";" ";"2013";10062;5408;4654
" ";" ";"2014";10627;5771;4856
" ";" ";"2015";10286;5611;4675
" ";" ";"2016";10286;5533;4753
" ";" ";"2017 (zaèasni podatki)";10182;5524;4658
" ";"01"
" ";" ";"2009";701;441;260
" ";" ";"2010";787;368;419
" ";" ";"2011";655;277;378
" ";" ";"2012";629;301;328
" ";" ";"2013";650;318;332
" ";" ";"2014";752;326;426
" ";" ";"2015";717;285;432
" ";" ";"2016";548;231;317
" ";" ";"2017 (zaèasni podatki)";565;267;298
" ";"02"
" ";" ";"2009";843;404;439
" ";" ";"2010";842;409;433
" ";" ";"2011";839;391;448
" ";" ";"2012";677;268;409
" ";" ";"2013";678;268;410
" ";" ";"2014";658;248;410
" ";" ";"2015";720;286;434
" ";" ";"2016";641;260;381
" ";" ";"2017 (zaèasni podatki)";612;266;346
" ";"03"
" ";" ";"2009";896;396;500
" ";" ";"2010";847;372;475
" ";" ";"2011";748;350;398
" ";" ";"2012";725;332;393
" ";" ";"2013";618;275;343
" ";" ";"2014";711;326;385
" ";" ";"2015";638;313;325
" ";" ";"2016";639;279;360
" ";" ";"2017 (zaèasni podatki)";620;284;336
" ";"04"
" ";" ";"2009";696;336;360
" ";" ";"2010";749;365;384
" ";" ";"2011";660;308;352
" ";" ";"2012";641;270;371
" ";" ";"2013";680;277;403
" ";" ";"2014";660;311;349
" ";" ";"2015";637;288;349
" ";" ";"2016";665;281;384
" ";" ";"2017 (zaèasni podatki)";650;283;367
" ";"05"
" ";" ";"2009";704;338;366
" ";" ";"2010";726;376;350
" ";" ";"2011";663;349;314
" ";" ";"2012";646;310;336
" ";" ";"2013";656;316;340
" ";" ";"2014";693;364;329
" ";" ";"2015";645;337;308
" ";" ";"2016";674;312;362
" ";" ";"2017 (zaèasni podatki)";662;297;365
" ";"06"
" ";" ";"2009";693;411;282
" ";" ";"2010";771;418;353
" ";" ";"2011";662;338;324
" ";" ";"2012";617;331;286
" ";" ";"2013";600;349;251
" ";" ";"2014";648;363;285
" ";" ";"2015";583;336;247
" ";" ";"2016";616;345;271
" ";" ";"2017 (zaèasni podatki)";539;306;233
" ";"07"
" ";" ";"2009";661;380;281
" ";" ";"2010";685;390;295
" ";" ";"2011";611;324;287
" ";" ";"2012";602;355;247
" ";" ";"2013";523;328;195
" ";" ";"2014";585;347;238
" ";" ";"2015";580;338;242
" ";" ";"2016";608;373;235
" ";" ";"2017 (zaèasni podatki)";582;360;222
" ";"08"
" ";" ";"2009";715;425;290
" ";" ";"2010";703;435;268
" ";" ";"2011";570;350;220
" ";" ";"2012";571;387;184
" ";" ";"2013";574;391;183
" ";" ";"2014";576;378;198
" ";" ";"2015";585;397;188
" ";" ";"2016";594;379;215
" ";" ";"2017 (zaèasni podatki)";608;396;212
" ";"09"
" ";" ";"2009";617;391;226
" ";" ";"2010";698;445;253
" ";" ";"2011";602;394;208
" ";" ";"2012";557;366;191
" ";" ";"2013";536;372;164
" ";" ";"2014";602;396;206
" ";" ";"2015";530;337;193
" ";" ";"2016";634;427;207
" ";" ";"2017 (zaèasni podatki)";617;419;198
" ";"10"
" ";" ";"2009";574;380;194
" ";" ";"2010";610;402;208
" ";" ";"2011";602;372;230
" ";" ";"2012";556;351;205
" ";" ";"2013";577;374;203
" ";" ";"2014";597;389;208
" ";" ";"2015";576;371;205
" ";" ";"2016";563;368;195
" ";" ";"2017 (zaèasni podatki)";563;362;201
" ";"11"
" ";" ";"2009";599;397;202
" ";" ";"2010";651;419;232
" ";" ";"2011";578;360;218
" ";" ";"2012";577;379;198
" ";" ";"2013";522;334;188
" ";" ";"2014";548;362;186
" ";" ";"2015";556;372;184
" ";" ";"2016";525;333;192
" ";" ";"2017 (zaèasni podatki)";551;334;217
" ";"12"
" ";" ";"2009";602;389;213
" ";" ";"2010";605;393;212
" ";" ";"2011";543;354;189
" ";" ";"2012";524;332;192
" ";" ";"2013";469;292;177
" ";" ";"2014";528;333;195
" ";" ";"2015";525;339;186
" ";" ";"2016";536;333;203
" ";" ";"2017 (zaèasni podatki)";520;313;207
" ";"13"
" ";" ";"2009";653;412;241
" ";" ";"2010";551;365;186
" ";" ";"2011";506;299;207
" ";" ";"2012";507;325;182
" ";" ";"2013";475;277;198
" ";" ";"2014";478;298;180
" ";" ";"2015";464;294;170
" ";" ";"2016";482;297;185
" ";" ";"2017 (zaèasni podatki)";528;319;209
" ";"14"
" ";" ";"2009";633;397;236
" ";" ";"2010";590;368;222
" ";" ";"2011";527;312;215
" ";" ";"2012";465;284;181
" ";" ";"2013";430;262;168
" ";" ";"2014";460;269;191
" ";" ";"2015";470;281;189
" ";" ";"2016";486;282;204
" ";" ";"2017 (zaèasni podatki)";479;272;207
" ";"15"
" ";" ";"2009";500;298;202
" ";" ";"2010";547;321;226
" ";" ";"2011";475;282;193
" ";" ";"2012";420;235;185
" ";" ";"2013";425;210;215
" ";" ";"2014";471;244;227
" ";" ";"2015";481;261;220
" ";" ";"2016";443;246;197
" ";" ";"2017 (zaèasni podatki)";459;262;197
" ";"16"
" ";" ";"2009";527;287;240
" ";" ";"2010";493;257;236
" ";" ";"2011";447;214;233
" ";" ";"2012";431;200;231
" ";" ";"2013";401;184;217
" ";" ";"2014";395;199;196
" ";" ";"2015";372;183;189
" ";" ";"2016";428;189;239
" ";" ";"2017 (zaèasni podatki)";447;203;244
" ";"17"
" ";" ";"2009";500;229;271
" ";" ";"2010";507;236;271
" ";" ";"2011";424;158;266
" ";" ";"2012";392;161;231
" ";" ";"2013";405;152;253
" ";" ";"2014";423;162;261
" ";" ";"2015";383;143;240
" ";" ";"2016";417;157;260
" ";" ";"2017 (zaèasni podatki)";396;139;257
" ";"18"
" ";" ";"2009";464;203;261
" ";" ";"2010";441;189;252
" ";" ";"2011";396;161;235
" ";" ";"2012";388;159;229
" ";" ";"2013";351;137;214
" ";" ";"2014";344;147;197
" ";" ";"2015";329;145;184
" ";" ";"2016";322;154;168
" ";" ";"2017 (zaèasni podatki)";330;158;172
" ";"19"
" ";" ";"2009";353;167;186
" ";" ";"2010";337;176;161
" ";" ";"2011";295;143;152
" ";" ";"2012";303;149;154
" ";" ";"2013";270;139;131
" ";" ";"2014";264;138;126
" ";" ";"2015";261;137;124
" ";" ";"2016";237;124;113
" ";" ";"2017 (zaèasni podatki)";235;130;105
" ";"20"
" ";" ";"2009";251;167;84
" ";" ";"2010";235;159;76
" ";" ";"2011";234;163;71
" ";" ";"2012";214;149;65
" ";" ";"2013";222;153;69
" ";" ";"2014";234;171;63
" ";" ";"2015";234;168;66
" ";" ";"2016";228;163;65
" ";" ";"2017 (zaèasni podatki)";219;154;65
"Goriška"
" ";"Razred neto - SKUPAJ"
" ";" ";"2009";33332;18671;14661
" ";" ";"2010";31604;17543;14061
" ";" ";"2011";30448;16415;14033
" ";" ";"2012";29657;16025;13632
" ";" ";"2013";29142;15734;13408
" ";" ";"2014";29537;16028;13509
" ";" ";"2015";29201;15886;13315
" ";" ";"2016";29425;16158;13267
" ";" ";"2017 (zaèasni podatki)";30493;16676;13817
" ";"01"
" ";" ";"2009";1410;892;518
" ";" ";"2010";1280;764;516
" ";" ";"2011";1129;582;547
" ";" ";"2012";1133;517;616
" ";" ";"2013";1082;499;583
" ";" ";"2014";1188;547;641
" ";" ";"2015";1266;538;728
" ";" ";"2016";1146;515;631
" ";" ";"2017 (zaèasni podatki)";1078;465;613
" ";"02"
" ";" ";"2009";1291;613;678
" ";" ";"2010";1206;582;624
" ";" ";"2011";1347;568;779
" ";" ";"2012";1225;511;714
" ";" ";"2013";1384;552;832
" ";" ";"2014";1248;494;754
" ";" ";"2015";1216;481;735
" ";" ";"2016";1203;508;695
" ";" ";"2017 (zaèasni podatki)";1297;527;770
" ";"03"
" ";" ";"2009";1413;603;810
" ";" ";"2010";1472;602;870
" ";" ";"2011";1360;552;808
" ";" ";"2012";1522;621;901
" ";" ";"2013";1347;634;713
" ";" ";"2014";1640;788;852
" ";" ";"2015";1505;660;845
" ";" ";"2016";1460;671;789
" ";" ";"2017 (zaèasni podatki)";1445;681;764
" ";"04"
" ";" ";"2009";1829;767;1062
" ";" ";"2010";1570;655;915
" ";" ";"2011";1503;649;854
" ";" ";"2012";1579;735;844
" ";" ";"2013";1425;596;829
" ";" ";"2014";1496;659;837
" ";" ";"2015";1586;697;889
" ";" ";"2016";1484;632;852
" ";" ";"2017 (zaèasni podatki)";1582;660;922
" ";"05"
" ";" ";"2009";1760;835;925
" ";" ";"2010";1603;727;876
" ";" ";"2011";1618;795;823
" ";" ";"2012";1616;787;829
" ";" ";"2013";1543;713;830
" ";" ";"2014";1601;743;858
" ";" ";"2015";1535;698;837
" ";" ";"2016";1483;700;783
" ";" ";"2017 (zaèasni podatki)";1686;802;884
" ";"06"
" ";" ";"2009";1820;972;848
" ";" ";"2010";1741;887;854
" ";" ";"2011";1665;842;823
" ";" ";"2012";1607;850;757
" ";" ";"2013";1571;806;765
" ";" ";"2014";1608;827;781
" ";" ";"2015";1628;885;743
" ";" ";"2016";1593;862;731
" ";" ";"2017 (zaèasni podatki)";1769;928;841
" ";"07"
" ";" ";"2009";1896;1097;799
" ";" ";"2010";1665;982;683
" ";" ";"2011";1698;1009;689
" ";" ";"2012";1653;949;704
" ";" ";"2013";1639;935;704
" ";" ";"2014";1579;915;664
" ";" ";"2015";1569;883;686
" ";" ";"2016";1729;991;738
" ";" ";"2017 (zaèasni podatki)";1730;957;773
" ";"08"
" ";" ";"2009";1816;1177;639
" ";" ";"2010";1706;1045;661
" ";" ";"2011";1689;991;698
" ";" ";"2012";1629;968;661
" ";" ";"2013";1680;994;686
" ";" ";"2014";1633;979;654
" ";" ";"2015";1696;1014;682
" ";" ";"2016";1593;968;625
" ";" ";"2017 (zaèasni podatki)";1830;1125;705
" ";"09"
" ";" ";"2009";1890;1271;619
" ";" ";"2010";1787;1123;664
" ";" ";"2011";1676;1030;646
" ";" ";"2012";1590;994;596
" ";" ";"2013";1606;1005;601
" ";" ";"2014";1716;1024;692
" ";" ";"2015";1672;1006;666
" ";" ";"2016";1712;1042;670
" ";" ";"2017 (zaèasni podatki)";1770;1082;688
" ";"10"
" ";" ";"2009";1823;1216;607
" ";" ";"2010";1831;1174;657
" ";" ";"2011";1735;1048;687
" ";" ";"2012";1651;1036;615
" ";" ";"2013";1700;1014;686
" ";" ";"2014";1682;1042;640
" ";" ";"2015";1657;1018;639
" ";" ";"2016";1693;1004;689
" ";" ";"2017 (zaèasni podatki)";1746;1037;709
" ";"11"
" ";" ";"2009";2050;1336;714
" ";" ";"2010";1805;1140;665
" ";" ";"2011";1705;1013;692
" ";" ";"2012";1622;957;665
" ";" ";"2013";1682;1042;640
" ";" ";"2014";1578;932;646
" ";" ";"2015";1666;1014;652
" ";" ";"2016";1631;969;662
" ";" ";"2017 (zaèasni podatki)";1712;1060;652
" ";"12"
" ";" ";"2009";1804;1038;766
" ";" ";"2010";1758;1104;654
" ";" ";"2011";1718;1002;716
" ";" ";"2012";1617;946;671
" ";" ";"2013";1553;922;631
" ";" ";"2014";1560;951;609
" ";" ";"2015";1502;924;578
" ";" ";"2016";1574;979;595
" ";" ";"2017 (zaèasni podatki)";1626;981;645
" ";"13"
" ";" ";"2009";1674;967;707
" ";" ";"2010";1784;1074;710
" ";" ";"2011";1594;921;673
" ";" ";"2012";1518;882;636
" ";" ";"2013";1621;974;647
" ";" ";"2014";1549;915;634
" ";" ";"2015";1492;894;598
" ";" ";"2016";1598;950;648
" ";" ";"2017 (zaèasni podatki)";1649;997;652
" ";"14"
" ";" ";"2009";1694;988;706
" ";" ";"2010";1594;936;658
" ";" ";"2011";1545;890;655
" ";" ";"2012";1500;884;616
" ";" ";"2013";1440;826;614
" ";" ";"2014";1444;819;625
" ";" ";"2015";1497;883;614
" ";" ";"2016";1549;942;607
" ";" ";"2017 (zaèasni podatki)";1556;924;632
" ";"15"
" ";" ";"2009";1614;888;726
" ";" ";"2010";1566;896;670
" ";" ";"2011";1488;857;631
" ";" ";"2012";1470;818;652
" ";" ";"2013";1440;804;636
" ";" ";"2014";1456;836;620
" ";" ";"2015";1437;828;609
" ";" ";"2016";1484;843;641
" ";" ";"2017 (zaèasni podatki)";1486;833;653
" ";"16"
" ";" ";"2009";1571;870;701
" ";" ";"2010";1569;857;712
" ";" ";"2011";1532;837;695
" ";" ";"2012";1487;794;693
" ";" ";"2013";1420;718;702
" ";" ";"2014";1479;772;707
" ";" ";"2015";1448;768;680
" ";" ";"2016";1444;737;707
" ";" ";"2017 (zaèasni podatki)";1436;737;699
" ";"17"
" ";" ";"2009";1672;760;912
" ";" ";"2010";1619;719;900
" ";" ";"2011";1527;646;881
" ";" ";"2012";1415;610;805
" ";" ";"2013";1467;638;829
" ";" ";"2014";1483;693;790
" ";" ";"2015";1413;664;749
" ";" ";"2016";1460;682;778
" ";" ";"2017 (zaèasni podatki)";1553;753;800
" ";"18"
" ";" ";"2009";1468;629;839
" ";" ";"2010";1435;655;780
" ";" ";"2011";1427;616;811
" ";" ";"2012";1442;671;771
" ";" ";"2013";1339;672;667
" ";" ";"2014";1376;668;708
" ";" ";"2015";1350;699;651
" ";" ";"2016";1373;729;644
" ";" ";"2017 (zaèasni podatki)";1349;708;641
" ";"19"
" ";" ";"2009";1487;803;684
" ";" ";"2010";1382;772;610
" ";" ";"2011";1311;741;570
" ";" ";"2012";1316;766;550
" ";" ";"2013";1246;741;505
" ";" ";"2014";1279;779;500
" ";" ";"2015";1175;714;461
" ";" ";"2016";1271;782;489
" ";" ";"2017 (zaèasni podatki)";1257;786;471
" ";"20"
" ";" ";"2009";1350;949;401
" ";" ";"2010";1231;849;382
" ";" ";"2011";1181;826;355
" ";" ";"2012";1065;729;336
" ";" ";"2013";957;649;308
" ";" ";"2014";942;645;297
" ";" ";"2015";891;618;273
" ";" ";"2016";945;652;293
" ";" ";"2017 (zaèasni podatki)";936;633;303
"Obalno-kraška"
" ";"Razred neto - SKUPAJ"
" ";" ";"2009";31889;18173;13716
" ";" ";"2010";31042;17651;13391
" ";" ";"2011";30066;16453;13613
" ";" ";"2012";28085;15227;12858
" ";" ";"2013";27062;14481;12581
" ";" ";"2014";27459;14824;12635
" ";" ";"2015";27257;14861;12396
" ";" ";"2016";27545;14944;12601
" ";" ";"2017 (zaèasni podatki)";29086;15935;13151
" ";"01"
" ";" ";"2009";1685;1195;490
" ";" ";"2010";1500;980;520
" ";" ";"2011";1441;817;624
" ";" ";"2012";1498;797;701
" ";" ";"2013";1423;723;700
" ";" ";"2014";1451;738;713
" ";" ";"2015";1496;767;729
" ";" ";"2016";1377;754;623
" ";" ";"2017 (zaèasni podatki)";1446;772;674
" ";"02"
" ";" ";"2009";1526;903;623
" ";" ";"2010";1655;925;730
" ";" ";"2011";1641;831;810
" ";" ";"2012";1349;652;697
" ";" ";"2013";1409;696;713
" ";" ";"2014";1325;634;691
" ";" ";"2015";1497;780;717
" ";" ";"2016";1481;732;749
" ";" ";"2017 (zaèasni podatki)";1582;807;775
" ";"03"
" ";" ";"2009";1445;646;799
" ";" ";"2010";1504;781;723
" ";" ";"2011";1470;800;670
" ";" ";"2012";1412;769;643
" ";" ";"2013";1336;784;552
" ";" ";"2014";1468;818;650
" ";" ";"2015";1387;764;623
" ";" ";"2016";1481;781;700
" ";" ";"2017 (zaèasni podatki)";1511;804;707
" ";"04"
" ";" ";"2009";1352;613;739
" ";" ";"2010";1491;737;754
" ";" ";"2011";1466;742;724
" ";" ";"2012";1268;635;633
" ";" ";"2013";1342;660;682
" ";" ";"2014";1272;658;614
" ";" ";"2015";1392;733;659
" ";" ";"2016";1376;716;660
" ";" ";"2017 (zaèasni podatki)";1542;792;750
" ";"05"
" ";" ";"2009";1278;658;620
" ";" ";"2010";1430;735;695
" ";" ";"2011";1371;727;644
" ";" ";"2012";1315;684;631
" ";" ";"2013";1243;653;590
" ";" ";"2014";1292;701;591
" ";" ";"2015";1237;725;512
" ";" ";"2016";1239;671;568
" ";" ";"2017 (zaèasni podatki)";1457;786;671
" ";"06"
" ";" ";"2009";1405;789;616
" ";" ";"2010";1493;874;619
" ";" ";"2011";1460;805;655
" ";" ";"2012";1331;751;580
" ";" ";"2013";1265;754;511
" ";" ";"2014";1312;778;534
" ";" ";"2015";1320;737;583
" ";" ";"2016";1296;712;584
" ";" ";"2017 (zaèasni podatki)";1545;859;686
" ";"07"
" ";" ";"2009";1417;843;574
" ";" ";"2010";1428;874;554
" ";" ";"2011";1457;864;593
" ";" ";"2012";1475;878;597
" ";" ";"2013";1409;818;591
" ";" ";"2014";1427;815;612
" ";" ";"2015";1384;833;551
" ";" ";"2016";1414;843;571
" ";" ";"2017 (zaèasni podatki)";1473;913;560
" ";"08"
" ";" ";"2009";1453;898;555
" ";" ";"2010";1489;911;578
" ";" ";"2011";1549;920;629
" ";" ";"2012";1449;877;572
" ";" ";"2013";1431;883;548
" ";" ";"2014";1393;846;547
" ";" ";"2015";1428;870;558
" ";" ";"2016";1385;833;552
" ";" ";"2017 (zaèasni podatki)";1494;926;568
" ";"09"
" ";" ";"2009";1580;980;600
" ";" ";"2010";1485;894;591
" ";" ";"2011";1574;952;622
" ";" ";"2012";1466;870;596
" ";" ";"2013";1481;903;578
" ";" ";"2014";1442;854;588
" ";" ";"2015";1370;800;570
" ";" ";"2016";1369;821;548
" ";" ";"2017 (zaèasni podatki)";1396;840;556
" ";"10"
" ";" ";"2009";1656;976;680
" ";" ";"2010";1580;932;648
" ";" ";"2011";1518;862;656
" ";" ";"2012";1429;819;610
" ";" ";"2013";1295;731;564
" ";" ";"2014";1315;762;553
" ";" ";"2015";1311;761;550
" ";" ";"2016";1340;720;620
" ";" ";"2017 (zaèasni podatki)";1458;805;653
" ";"11"
" ";" ";"2009";1623;973;650
" ";" ";"2010";1544;904;640
" ";" ";"2011";1483;807;676
" ";" ";"2012";1402;768;634
" ";" ";"2013";1314;708;606
" ";" ";"2014";1340;708;632
" ";" ";"2015";1374;713;661
" ";" ";"2016";1370;729;641
" ";" ";"2017 (zaèasni podatki)";1436;780;656
" ";"12"
" ";" ";"2009";1758;983;775
" ";" ";"2010";1602;894;708
" ";" ";"2011";1645;876;769
" ";" ";"2012";1444;727;717
" ";" ";"2013";1398;692;706
" ";" ";"2014";1364;679;685
" ";" ";"2015";1344;684;660
" ";" ";"2016";1396;718;678
" ";" ";"2017 (zaèasni podatki)";1358;699;659
" ";"13"
" ";" ";"2009";1808;956;852
" ";" ";"2010";1689;925;764
" ";" ";"2011";1557;812;745
" ";" ";"2012";1422;701;721
" ";" ";"2013";1370;646;724
" ";" ";"2014";1381;662;719
" ";" ";"2015";1318;670;648
" ";" ";"2016";1307;677;630
" ";" ";"2017 (zaèasni podatki)";1406;723;683
" ";"14"
" ";" ";"2009";1815;1035;780
" ";" ";"2010";1704;938;766
" ";" ";"2011";1488;772;716
" ";" ";"2012";1385;698;687
" ";" ";"2013";1336;646;690
" ";" ";"2014";1368;717;651
" ";" ";"2015";1329;672;657
" ";" ";"2016";1341;694;647
" ";" ";"2017 (zaèasni podatki)";1400;707;693
" ";"15"
" ";" ";"2009";1828;1016;812
" ";" ";"2010";1662;945;717
" ";" ";"2011";1553;832;721
" ";" ";"2012";1481;831;650
" ";" ";"2013";1299;646;653
" ";" ";"2014";1448;771;677
" ";" ";"2015";1296;683;613
" ";" ";"2016";1399;714;685
" ";" ";"2017 (zaèasni podatki)";1401;687;714
" ";"16"
" ";" ";"2009";1786;1069;717
" ";" ";"2010";1690;979;711
" ";" ";"2011";1521;792;729
" ";" ";"2012";1477;772;705
" ";" ";"2013";1371;660;711
" ";" ";"2014";1401;708;693
" ";" ";"2015";1316;631;685
" ";" ";"2016";1356;650;706
" ";" ";"2017 (zaèasni podatki)";1413;694;719
" ";"17"
" ";" ";"2009";1763;936;827
" ";" ";"2010";1651;860;791
" ";" ";"2011";1572;771;801
" ";" ";"2012";1489;725;764
" ";" ";"2013";1394;620;774
" ";" ";"2014";1437;645;792
" ";" ";"2015";1407;637;770
" ";" ";"2016";1419;672;747
" ";" ";"2017 (zaèasni podatki)";1432;711;721
" ";"18"
" ";" ";"2009";1755;905;850
" ";" ";"2010";1683;885;798
" ";" ";"2011";1589;826;763
" ";" ";"2012";1519;784;735
" ";" ";"2013";1393;706;687
" ";" ";"2014";1426;729;697
" ";" ";"2015";1346;647;699
" ";" ";"2016";1431;718;713
" ";" ";"2017 (zaèasni podatki)";1508;813;695
" ";"19"
" ";" ";"2009";1605;914;691
" ";" ";"2010";1489;860;629
" ";" ";"2011";1469;845;624
" ";" ";"2012";1323;761;562
" ";" ";"2013";1389;801;588
" ";" ";"2014";1408;834;574
" ";" ";"2015";1389;872;517
" ";" ";"2016";1436;890;546
" ";" ";"2017 (zaèasni podatki)";1475;915;560
" ";"20"
" ";" ";"2009";1351;885;466
" ";" ";"2010";1273;818;455
" ";" ";"2011";1242;800;442
" ";" ";"2012";1151;728;423
" ";" ";"2013";1164;751;413
" ";" ";"2014";1189;767;422
" ";" ";"2015";1316;882;434
" ";" ";"2016";1332;899;433
" ";" ";"2017 (zaèasni podatki)";1353;902;451

"Vir: Statistièni urad Republike Slovenije."

"Povezane vsebine: "
"- (seznam "
"HREF=http://www.stat.si/StatWeb/Common/PrikaziDokument.ashx?IdDatotek-"
"e=8153 target=_blank) Metodološka pojasnila"

"Podatki so teritorialno razvršèeni po Klasifikaciji statistiènih "
"teritorialnih enot v Evropski uniji (The Classification  of "
"Territorial Units for Statistics) – NUTS ((seznam "
"HREF=http://www.stat.si/statweb/Methods/Classifications "
"TARGET=_blank) opis in pojasnila), raven NUTS 3. Podatki o spremembah "
"posameznih statistiènih regij so dostopni tudi na (seznam "
"HREF=http://www.stat.si/dokument/8484 TARGET=_blank) povezavi."

"Meje neto razredov za posamezna leta si lahko ogledate v dokumentu "
"(seznam "
"HREF=http://www.stat.si/StatWeb/File/DocSysFile/10079/Meje_neto_razre-"
"dov.xlsx=_blank) Meje neto razredov."

"Podatki za leto 2017 so zaèasni."

